background_condition,cutoff_channel,cutoff_channel_freq,srt_mean,srt_sem,tag_expt,tag_model,srt_list
3.0,0.0,100.0,-0.7,0.6974522292993619,hopkins_moore_2009,human,
3.0,8.0,548.0,-2.047133757961782,0.678343949044586,hopkins_moore_2009,human,
3.0,16.0,1605.0,-2.7828025477706984,0.8980891719745241,hopkins_moore_2009,human,
3.0,24.0,4102.0,-2.400636942675157,0.7834394904458595,hopkins_moore_2009,human,
3.0,32.0,10000.0,-2.9929936305732463,0.9649681528662404,hopkins_moore_2009,human,
4.0,0.0,100.0,-7.4,1.5859872611464976,hopkins_moore_2009,human,
4.0,8.0,548.0,-10.849044585987262,1.3184713375796155,hopkins_moore_2009,human,
4.0,16.0,1605.0,-11.412738853503184,1.2229299363057313,hopkins_moore_2009,human,
4.0,24.0,4102.0,-12.425477707006367,1.3471337579617835,hopkins_moore_2009,human,
4.0,32.0,10000.0,-13.619745222929934,1.2324840764331206,hopkins_moore_2009,human,
3.0,0.0,80.0,1.0000000063577805,0.0,hopkins_moore_2009,models/spkr_recognition/IHC0050/arch0_00??,"[1.0000000063577805, 1.0000000063577805, 1.0000000063577805, 1.0000000063577805, 1.0000000063577805, 1.0000000063577805, 1.0000000063577805, 1.0000000063577805, 1.0000000063577805, 1.0000000063577805]"
3.0,4.0,242.87576293945312,1.0000000063577805,0.0,hopkins_moore_2009,models/spkr_recognition/IHC0050/arch0_00??,"[1.0000000063577805, 1.0000000063577805, 1.0000000063577805, 1.0000000063577805, 1.0000000063577805, 1.0000000063577805, 1.0000000063577805, 1.0000000063577805, 1.0000000063577805, 1.0000000063577805]"
3.0,8.0,491.6507873535156,1.0000000063577805,0.0,hopkins_moore_2009,models/spkr_recognition/IHC0050/arch0_00??,"[1.0000000063577805, 1.0000000063577805, 1.0000000063577805, 1.0000000063577805, 1.0000000063577805, 1.0000000063577805, 1.0000000063577805, 1.0000000063577805, 1.0000000063577805, 1.0000000063577805]"
3.0,12.0,871.6275024414062,1.0000000063577805,0.0,hopkins_moore_2009,models/spkr_recognition/IHC0050/arch0_00??,"[1.0000000063577805, 1.0000000063577805, 1.0000000063577805, 1.0000000063577805, 1.0000000063577805, 1.0000000063577805, 1.0000000063577805, 1.0000000063577805, 1.0000000063577805, 1.0000000063577805]"
3.0,16.0,1452.0006103515625,1.0000000063577805,0.0,hopkins_moore_2009,models/spkr_recognition/IHC0050/arch0_00??,"[1.0000000063577805, 1.0000000063577805, 1.0000000063577805, 1.0000000063577805, 1.0000000063577805, 1.0000000063577805, 1.0000000063577805, 1.0000000063577805, 1.0000000063577805, 1.0000000063577805]"
3.0,20.0,2338.45751953125,1.0000000063577805,0.0,hopkins_moore_2009,models/spkr_recognition/IHC0050/arch0_00??,"[1.0000000063577805, 1.0000000063577805, 1.0000000063577805, 1.0000000063577805, 1.0000000063577805, 1.0000000063577805, 1.0000000063577805, 1.0000000063577805, 1.0000000063577805, 1.0000000063577805]"
3.0,24.0,3692.423583984375,1.0000000063577805,0.0,hopkins_moore_2009,models/spkr_recognition/IHC0050/arch0_00??,"[1.0000000063577805, 1.0000000063577805, 1.0000000063577805, 1.0000000063577805, 1.0000000063577805, 1.0000000063577805, 1.0000000063577805, 1.0000000063577805, 1.0000000063577805, 1.0000000063577805]"
3.0,28.0,5760.4599609375,1.0000000063577805,0.0,hopkins_moore_2009,models/spkr_recognition/IHC0050/arch0_00??,"[1.0000000063577805, 1.0000000063577805, 1.0000000063577805, 1.0000000063577805, 1.0000000063577805, 1.0000000063577805, 1.0000000063577805, 1.0000000063577805, 1.0000000063577805, 1.0000000063577805]"
3.0,32.0,8000.0,1.0000000063577805,0.0,hopkins_moore_2009,models/spkr_recognition/IHC0050/arch0_00??,"[1.0000000063577805, 1.0000000063577805, 1.0000000063577805, 1.0000000063577805, 1.0000000063577805, 1.0000000063577805, 1.0000000063577805, 1.0000000063577805, 1.0000000063577805, 1.0000000063577805]"
4.0,0.0,80.0,1.0000000063577805,0.0,hopkins_moore_2009,models/spkr_recognition/IHC0050/arch0_00??,"[1.0000000063577805, 1.0000000063577805, 1.0000000063577805, 1.0000000063577805, 1.0000000063577805, 1.0000000063577805, 1.0000000063577805, 1.0000000063577805, 1.0000000063577805, 1.0000000063577805]"
4.0,4.0,242.87576293945312,1.0000000063577805,0.0,hopkins_moore_2009,models/spkr_recognition/IHC0050/arch0_00??,"[1.0000000063577805, 1.0000000063577805, 1.0000000063577805, 1.0000000063577805, 1.0000000063577805, 1.0000000063577805, 1.0000000063577805, 1.0000000063577805, 1.0000000063577805, 1.0000000063577805]"
4.0,8.0,491.6507873535156,1.0000000063577805,0.0,hopkins_moore_2009,models/spkr_recognition/IHC0050/arch0_00??,"[1.0000000063577805, 1.0000000063577805, 1.0000000063577805, 1.0000000063577805, 1.0000000063577805, 1.0000000063577805, 1.0000000063577805, 1.0000000063577805, 1.0000000063577805, 1.0000000063577805]"
4.0,12.0,871.6275024414062,1.0000000063577805,0.0,hopkins_moore_2009,models/spkr_recognition/IHC0050/arch0_00??,"[1.0000000063577805, 1.0000000063577805, 1.0000000063577805, 1.0000000063577805, 1.0000000063577805, 1.0000000063577805, 1.0000000063577805, 1.0000000063577805, 1.0000000063577805, 1.0000000063577805]"
4.0,16.0,1452.0006103515625,1.0000000063577805,0.0,hopkins_moore_2009,models/spkr_recognition/IHC0050/arch0_00??,"[1.0000000063577805, 1.0000000063577805, 1.0000000063577805, 1.0000000063577805, 1.0000000063577805, 1.0000000063577805, 1.0000000063577805, 1.0000000063577805, 1.0000000063577805, 1.0000000063577805]"
4.0,20.0,2338.45751953125,1.0000000063577805,0.0,hopkins_moore_2009,models/spkr_recognition/IHC0050/arch0_00??,"[1.0000000063577805, 1.0000000063577805, 1.0000000063577805, 1.0000000063577805, 1.0000000063577805, 1.0000000063577805, 1.0000000063577805, 1.0000000063577805, 1.0000000063577805, 1.0000000063577805]"
4.0,24.0,3692.423583984375,1.0000000063577805,0.0,hopkins_moore_2009,models/spkr_recognition/IHC0050/arch0_00??,"[1.0000000063577805, 1.0000000063577805, 1.0000000063577805, 1.0000000063577805, 1.0000000063577805, 1.0000000063577805, 1.0000000063577805, 1.0000000063577805, 1.0000000063577805, 1.0000000063577805]"
4.0,28.0,5760.4599609375,1.0000000063577805,0.0,hopkins_moore_2009,models/spkr_recognition/IHC0050/arch0_00??,"[1.0000000063577805, 1.0000000063577805, 1.0000000063577805, 1.0000000063577805, 1.0000000063577805, 1.0000000063577805, 1.0000000063577805, 1.0000000063577805, 1.0000000063577805, 1.0000000063577805]"
4.0,32.0,8000.0,1.0000000063577805,0.0,hopkins_moore_2009,models/spkr_recognition/IHC0050/arch0_00??,"[1.0000000063577805, 1.0000000063577805, 1.0000000063577805, 1.0000000063577805, 1.0000000063577805, 1.0000000063577805, 1.0000000063577805, 1.0000000063577805, 1.0000000063577805, 1.0000000063577805]"
3.0,0.0,80.0,1.0000000063577805,0.0,hopkins_moore_2009,models/spkr_recognition/IHC0320/arch0_00??,"[1.0000000063577805, 1.0000000063577805, 1.0000000063577805, 1.0000000063577805, 1.0000000063577805, 1.0000000063577805, 1.0000000063577805, 1.0000000063577805, 1.0000000063577805, 1.0000000063577805]"
3.0,4.0,242.87576293945312,1.0000000063577805,0.0,hopkins_moore_2009,models/spkr_recognition/IHC0320/arch0_00??,"[1.0000000063577805, 1.0000000063577805, 1.0000000063577805, 1.0000000063577805, 1.0000000063577805, 1.0000000063577805, 1.0000000063577805, 1.0000000063577805, 1.0000000063577805, 1.0000000063577805]"
3.0,8.0,491.6507873535156,1.0000000063577805,0.0,hopkins_moore_2009,models/spkr_recognition/IHC0320/arch0_00??,"[1.0000000063577805, 1.0000000063577805, 1.0000000063577805, 1.0000000063577805, 1.0000000063577805, 1.0000000063577805, 1.0000000063577805, 1.0000000063577805, 1.0000000063577805, 1.0000000063577805]"
3.0,12.0,871.6275024414062,1.0000000063577805,0.0,hopkins_moore_2009,models/spkr_recognition/IHC0320/arch0_00??,"[1.0000000063577805, 1.0000000063577805, 1.0000000063577805, 1.0000000063577805, 1.0000000063577805, 1.0000000063577805, 1.0000000063577805, 1.0000000063577805, 1.0000000063577805, 1.0000000063577805]"
3.0,16.0,1452.0006103515625,1.0000000063577805,0.0,hopkins_moore_2009,models/spkr_recognition/IHC0320/arch0_00??,"[1.0000000063577805, 1.0000000063577805, 1.0000000063577805, 1.0000000063577805, 1.0000000063577805, 1.0000000063577805, 1.0000000063577805, 1.0000000063577805, 1.0000000063577805, 1.0000000063577805]"
3.0,20.0,2338.45751953125,1.0000000063577805,0.0,hopkins_moore_2009,models/spkr_recognition/IHC0320/arch0_00??,"[1.0000000063577805, 1.0000000063577805, 1.0000000063577805, 1.0000000063577805, 1.0000000063577805, 1.0000000063577805, 1.0000000063577805, 1.0000000063577805, 1.0000000063577805, 1.0000000063577805]"
3.0,24.0,3692.423583984375,1.0000000063577805,0.0,hopkins_moore_2009,models/spkr_recognition/IHC0320/arch0_00??,"[1.0000000063577805, 1.0000000063577805, 1.0000000063577805, 1.0000000063577805, 1.0000000063577805, 1.0000000063577805, 1.0000000063577805, 1.0000000063577805, 1.0000000063577805, 1.0000000063577805]"
3.0,28.0,5760.4599609375,1.0000000063577805,0.0,hopkins_moore_2009,models/spkr_recognition/IHC0320/arch0_00??,"[1.0000000063577805, 1.0000000063577805, 1.0000000063577805, 1.0000000063577805, 1.0000000063577805, 1.0000000063577805, 1.0000000063577805, 1.0000000063577805, 1.0000000063577805, 1.0000000063577805]"
3.0,32.0,8000.0,1.0000000063577805,0.0,hopkins_moore_2009,models/spkr_recognition/IHC0320/arch0_00??,"[1.0000000063577805, 1.0000000063577805, 1.0000000063577805, 1.0000000063577805, 1.0000000063577805, 1.0000000063577805, 1.0000000063577805, 1.0000000063577805, 1.0000000063577805, 1.0000000063577805]"
4.0,0.0,80.0,1.0000000063577805,0.0,hopkins_moore_2009,models/spkr_recognition/IHC0320/arch0_00??,"[1.0000000063577805, 1.0000000063577805, 1.0000000063577805, 1.0000000063577805, 1.0000000063577805, 1.0000000063577805, 1.0000000063577805, 1.0000000063577805, 1.0000000063577805, 1.0000000063577805]"
4.0,4.0,242.87576293945312,1.0000000063577805,0.0,hopkins_moore_2009,models/spkr_recognition/IHC0320/arch0_00??,"[1.0000000063577805, 1.0000000063577805, 1.0000000063577805, 1.0000000063577805, 1.0000000063577805, 1.0000000063577805, 1.0000000063577805, 1.0000000063577805, 1.0000000063577805, 1.0000000063577805]"
4.0,8.0,491.6507873535156,1.0000000063577805,0.0,hopkins_moore_2009,models/spkr_recognition/IHC0320/arch0_00??,"[1.0000000063577805, 1.0000000063577805, 1.0000000063577805, 1.0000000063577805, 1.0000000063577805, 1.0000000063577805, 1.0000000063577805, 1.0000000063577805, 1.0000000063577805, 1.0000000063577805]"
4.0,12.0,871.6275024414062,1.0000000063577805,0.0,hopkins_moore_2009,models/spkr_recognition/IHC0320/arch0_00??,"[1.0000000063577805, 1.0000000063577805, 1.0000000063577805, 1.0000000063577805, 1.0000000063577805, 1.0000000063577805, 1.0000000063577805, 1.0000000063577805, 1.0000000063577805, 1.0000000063577805]"
4.0,16.0,1452.0006103515625,1.0000000063577805,0.0,hopkins_moore_2009,models/spkr_recognition/IHC0320/arch0_00??,"[1.0000000063577805, 1.0000000063577805, 1.0000000063577805, 1.0000000063577805, 1.0000000063577805, 1.0000000063577805, 1.0000000063577805, 1.0000000063577805, 1.0000000063577805, 1.0000000063577805]"
4.0,20.0,2338.45751953125,1.0000000063577805,0.0,hopkins_moore_2009,models/spkr_recognition/IHC0320/arch0_00??,"[1.0000000063577805, 1.0000000063577805, 1.0000000063577805, 1.0000000063577805, 1.0000000063577805, 1.0000000063577805, 1.0000000063577805, 1.0000000063577805, 1.0000000063577805, 1.0000000063577805]"
4.0,24.0,3692.423583984375,1.0000000063577805,0.0,hopkins_moore_2009,models/spkr_recognition/IHC0320/arch0_00??,"[1.0000000063577805, 1.0000000063577805, 1.0000000063577805, 1.0000000063577805, 1.0000000063577805, 1.0000000063577805, 1.0000000063577805, 1.0000000063577805, 1.0000000063577805, 1.0000000063577805]"
4.0,28.0,5760.4599609375,1.0000000063577805,0.0,hopkins_moore_2009,models/spkr_recognition/IHC0320/arch0_00??,"[1.0000000063577805, 1.0000000063577805, 1.0000000063577805, 1.0000000063577805, 1.0000000063577805, 1.0000000063577805, 1.0000000063577805, 1.0000000063577805, 1.0000000063577805, 1.0000000063577805]"
4.0,32.0,8000.0,1.0000000063577805,0.0,hopkins_moore_2009,models/spkr_recognition/IHC0320/arch0_00??,"[1.0000000063577805, 1.0000000063577805, 1.0000000063577805, 1.0000000063577805, 1.0000000063577805, 1.0000000063577805, 1.0000000063577805, 1.0000000063577805, 1.0000000063577805, 1.0000000063577805]"
3.0,0.0,80.0,1.0000000063577805,0.0,hopkins_moore_2009,models/spkr_recognition/IHC1000/arch0_00??,"[1.0000000063577805, 1.0000000063577805, 1.0000000063577805, 1.0000000063577805, 1.0000000063577805, 1.0000000063577805, 1.0000000063577805, 1.0000000063577805, 1.0000000063577805, 1.0000000063577805]"
3.0,4.0,242.87576293945312,1.0000000063577805,0.0,hopkins_moore_2009,models/spkr_recognition/IHC1000/arch0_00??,"[1.0000000063577805, 1.0000000063577805, 1.0000000063577805, 1.0000000063577805, 1.0000000063577805, 1.0000000063577805, 1.0000000063577805, 1.0000000063577805, 1.0000000063577805, 1.0000000063577805]"
3.0,8.0,491.6507873535156,1.0000000063577805,0.0,hopkins_moore_2009,models/spkr_recognition/IHC1000/arch0_00??,"[1.0000000063577805, 1.0000000063577805, 1.0000000063577805, 1.0000000063577805, 1.0000000063577805, 1.0000000063577805, 1.0000000063577805, 1.0000000063577805, 1.0000000063577805, 1.0000000063577805]"
3.0,12.0,871.6275024414062,1.0000000063577805,0.0,hopkins_moore_2009,models/spkr_recognition/IHC1000/arch0_00??,"[1.0000000063577805, 1.0000000063577805, 1.0000000063577805, 1.0000000063577805, 1.0000000063577805, 1.0000000063577805, 1.0000000063577805, 1.0000000063577805, 1.0000000063577805, 1.0000000063577805]"
3.0,16.0,1452.0006103515625,1.0000000063577805,0.0,hopkins_moore_2009,models/spkr_recognition/IHC1000/arch0_00??,"[1.0000000063577805, 1.0000000063577805, 1.0000000063577805, 1.0000000063577805, 1.0000000063577805, 1.0000000063577805, 1.0000000063577805, 1.0000000063577805, 1.0000000063577805, 1.0000000063577805]"
3.0,20.0,2338.45751953125,1.0000000063577805,0.0,hopkins_moore_2009,models/spkr_recognition/IHC1000/arch0_00??,"[1.0000000063577805, 1.0000000063577805, 1.0000000063577805, 1.0000000063577805, 1.0000000063577805, 1.0000000063577805, 1.0000000063577805, 1.0000000063577805, 1.0000000063577805, 1.0000000063577805]"
3.0,24.0,3692.423583984375,1.0000000063577805,0.0,hopkins_moore_2009,models/spkr_recognition/IHC1000/arch0_00??,"[1.0000000063577805, 1.0000000063577805, 1.0000000063577805, 1.0000000063577805, 1.0000000063577805, 1.0000000063577805, 1.0000000063577805, 1.0000000063577805, 1.0000000063577805, 1.0000000063577805]"
3.0,28.0,5760.4599609375,1.0000000063577805,0.0,hopkins_moore_2009,models/spkr_recognition/IHC1000/arch0_00??,"[1.0000000063577805, 1.0000000063577805, 1.0000000063577805, 1.0000000063577805, 1.0000000063577805, 1.0000000063577805, 1.0000000063577805, 1.0000000063577805, 1.0000000063577805, 1.0000000063577805]"
3.0,32.0,8000.0,1.0000000063577805,0.0,hopkins_moore_2009,models/spkr_recognition/IHC1000/arch0_00??,"[1.0000000063577805, 1.0000000063577805, 1.0000000063577805, 1.0000000063577805, 1.0000000063577805, 1.0000000063577805, 1.0000000063577805, 1.0000000063577805, 1.0000000063577805, 1.0000000063577805]"
4.0,0.0,80.0,1.0000000063577805,0.0,hopkins_moore_2009,models/spkr_recognition/IHC1000/arch0_00??,"[1.0000000063577805, 1.0000000063577805, 1.0000000063577805, 1.0000000063577805, 1.0000000063577805, 1.0000000063577805, 1.0000000063577805, 1.0000000063577805, 1.0000000063577805, 1.0000000063577805]"
4.0,4.0,242.87576293945312,1.0000000063577805,0.0,hopkins_moore_2009,models/spkr_recognition/IHC1000/arch0_00??,"[1.0000000063577805, 1.0000000063577805, 1.0000000063577805, 1.0000000063577805, 1.0000000063577805, 1.0000000063577805, 1.0000000063577805, 1.0000000063577805, 1.0000000063577805, 1.0000000063577805]"
4.0,8.0,491.6507873535156,1.0000000063577805,0.0,hopkins_moore_2009,models/spkr_recognition/IHC1000/arch0_00??,"[1.0000000063577805, 1.0000000063577805, 1.0000000063577805, 1.0000000063577805, 1.0000000063577805, 1.0000000063577805, 1.0000000063577805, 1.0000000063577805, 1.0000000063577805, 1.0000000063577805]"
4.0,12.0,871.6275024414062,1.0000000063577805,0.0,hopkins_moore_2009,models/spkr_recognition/IHC1000/arch0_00??,"[1.0000000063577805, 1.0000000063577805, 1.0000000063577805, 1.0000000063577805, 1.0000000063577805, 1.0000000063577805, 1.0000000063577805, 1.0000000063577805, 1.0000000063577805, 1.0000000063577805]"
4.0,16.0,1452.0006103515625,1.0000000063577805,0.0,hopkins_moore_2009,models/spkr_recognition/IHC1000/arch0_00??,"[1.0000000063577805, 1.0000000063577805, 1.0000000063577805, 1.0000000063577805, 1.0000000063577805, 1.0000000063577805, 1.0000000063577805, 1.0000000063577805, 1.0000000063577805, 1.0000000063577805]"
4.0,20.0,2338.45751953125,1.0000000063577805,0.0,hopkins_moore_2009,models/spkr_recognition/IHC1000/arch0_00??,"[1.0000000063577805, 1.0000000063577805, 1.0000000063577805, 1.0000000063577805, 1.0000000063577805, 1.0000000063577805, 1.0000000063577805, 1.0000000063577805, 1.0000000063577805, 1.0000000063577805]"
4.0,24.0,3692.423583984375,1.0000000063577805,0.0,hopkins_moore_2009,models/spkr_recognition/IHC1000/arch0_00??,"[1.0000000063577805, 1.0000000063577805, 1.0000000063577805, 1.0000000063577805, 1.0000000063577805, 1.0000000063577805, 1.0000000063577805, 1.0000000063577805, 1.0000000063577805, 1.0000000063577805]"
4.0,28.0,5760.4599609375,1.0000000063577805,0.0,hopkins_moore_2009,models/spkr_recognition/IHC1000/arch0_00??,"[1.0000000063577805, 1.0000000063577805, 1.0000000063577805, 1.0000000063577805, 1.0000000063577805, 1.0000000063577805, 1.0000000063577805, 1.0000000063577805, 1.0000000063577805, 1.0000000063577805]"
4.0,32.0,8000.0,1.0000000063577805,0.0,hopkins_moore_2009,models/spkr_recognition/IHC1000/arch0_00??,"[1.0000000063577805, 1.0000000063577805, 1.0000000063577805, 1.0000000063577805, 1.0000000063577805, 1.0000000063577805, 1.0000000063577805, 1.0000000063577805, 1.0000000063577805, 1.0000000063577805]"
3.0,0.0,80.0,1.0000000063577805,0.0,hopkins_moore_2009,models/spkr_recognition/IHC3000/arch0_00??,"[1.0000000063577805, 1.0000000063577805, 1.0000000063577805, 1.0000000063577805, 1.0000000063577805, 1.0000000063577805, 1.0000000063577805, 1.0000000063577805, 1.0000000063577805, 1.0000000063577805]"
3.0,4.0,242.87576293945312,1.0000000063577805,0.0,hopkins_moore_2009,models/spkr_recognition/IHC3000/arch0_00??,"[1.0000000063577805, 1.0000000063577805, 1.0000000063577805, 1.0000000063577805, 1.0000000063577805, 1.0000000063577805, 1.0000000063577805, 1.0000000063577805, 1.0000000063577805, 1.0000000063577805]"
3.0,8.0,491.6507873535156,1.0000000063577805,0.0,hopkins_moore_2009,models/spkr_recognition/IHC3000/arch0_00??,"[1.0000000063577805, 1.0000000063577805, 1.0000000063577805, 1.0000000063577805, 1.0000000063577805, 1.0000000063577805, 1.0000000063577805, 1.0000000063577805, 1.0000000063577805, 1.0000000063577805]"
3.0,12.0,871.6275024414062,1.0000000063577805,0.0,hopkins_moore_2009,models/spkr_recognition/IHC3000/arch0_00??,"[1.0000000063577805, 1.0000000063577805, 1.0000000063577805, 1.0000000063577805, 1.0000000063577805, 1.0000000063577805, 1.0000000063577805, 1.0000000063577805, 1.0000000063577805, 1.0000000063577805]"
3.0,16.0,1452.0006103515625,1.0000000063577805,0.0,hopkins_moore_2009,models/spkr_recognition/IHC3000/arch0_00??,"[1.0000000063577805, 1.0000000063577805, 1.0000000063577805, 1.0000000063577805, 1.0000000063577805, 1.0000000063577805, 1.0000000063577805, 1.0000000063577805, 1.0000000063577805, 1.0000000063577805]"
3.0,20.0,2338.45751953125,1.0000000063577805,0.0,hopkins_moore_2009,models/spkr_recognition/IHC3000/arch0_00??,"[1.0000000063577805, 1.0000000063577805, 1.0000000063577805, 1.0000000063577805, 1.0000000063577805, 1.0000000063577805, 1.0000000063577805, 1.0000000063577805, 1.0000000063577805, 1.0000000063577805]"
3.0,24.0,3692.423583984375,1.0000000063577805,0.0,hopkins_moore_2009,models/spkr_recognition/IHC3000/arch0_00??,"[1.0000000063577805, 1.0000000063577805, 1.0000000063577805, 1.0000000063577805, 1.0000000063577805, 1.0000000063577805, 1.0000000063577805, 1.0000000063577805, 1.0000000063577805, 1.0000000063577805]"
3.0,28.0,5760.4599609375,1.0000000063577805,0.0,hopkins_moore_2009,models/spkr_recognition/IHC3000/arch0_00??,"[1.0000000063577805, 1.0000000063577805, 1.0000000063577805, 1.0000000063577805, 1.0000000063577805, 1.0000000063577805, 1.0000000063577805, 1.0000000063577805, 1.0000000063577805, 1.0000000063577805]"
3.0,32.0,8000.0,1.0000000063577805,0.0,hopkins_moore_2009,models/spkr_recognition/IHC3000/arch0_00??,"[1.0000000063577805, 1.0000000063577805, 1.0000000063577805, 1.0000000063577805, 1.0000000063577805, 1.0000000063577805, 1.0000000063577805, 1.0000000063577805, 1.0000000063577805, 1.0000000063577805]"
4.0,0.0,80.0,1.0000000063577805,0.0,hopkins_moore_2009,models/spkr_recognition/IHC3000/arch0_00??,"[1.0000000063577805, 1.0000000063577805, 1.0000000063577805, 1.0000000063577805, 1.0000000063577805, 1.0000000063577805, 1.0000000063577805, 1.0000000063577805, 1.0000000063577805, 1.0000000063577805]"
4.0,4.0,242.87576293945312,1.0000000063577805,0.0,hopkins_moore_2009,models/spkr_recognition/IHC3000/arch0_00??,"[1.0000000063577805, 1.0000000063577805, 1.0000000063577805, 1.0000000063577805, 1.0000000063577805, 1.0000000063577805, 1.0000000063577805, 1.0000000063577805, 1.0000000063577805, 1.0000000063577805]"
4.0,8.0,491.6507873535156,1.0000000063577805,0.0,hopkins_moore_2009,models/spkr_recognition/IHC3000/arch0_00??,"[1.0000000063577805, 1.0000000063577805, 1.0000000063577805, 1.0000000063577805, 1.0000000063577805, 1.0000000063577805, 1.0000000063577805, 1.0000000063577805, 1.0000000063577805, 1.0000000063577805]"
4.0,12.0,871.6275024414062,1.0000000063577805,0.0,hopkins_moore_2009,models/spkr_recognition/IHC3000/arch0_00??,"[1.0000000063577805, 1.0000000063577805, 1.0000000063577805, 1.0000000063577805, 1.0000000063577805, 1.0000000063577805, 1.0000000063577805, 1.0000000063577805, 1.0000000063577805, 1.0000000063577805]"
4.0,16.0,1452.0006103515625,1.0000000063577805,0.0,hopkins_moore_2009,models/spkr_recognition/IHC3000/arch0_00??,"[1.0000000063577805, 1.0000000063577805, 1.0000000063577805, 1.0000000063577805, 1.0000000063577805, 1.0000000063577805, 1.0000000063577805, 1.0000000063577805, 1.0000000063577805, 1.0000000063577805]"
4.0,20.0,2338.45751953125,1.0000000063577805,0.0,hopkins_moore_2009,models/spkr_recognition/IHC3000/arch0_00??,"[1.0000000063577805, 1.0000000063577805, 1.0000000063577805, 1.0000000063577805, 1.0000000063577805, 1.0000000063577805, 1.0000000063577805, 1.0000000063577805, 1.0000000063577805, 1.0000000063577805]"
4.0,24.0,3692.423583984375,1.0000000063577805,0.0,hopkins_moore_2009,models/spkr_recognition/IHC3000/arch0_00??,"[1.0000000063577805, 1.0000000063577805, 1.0000000063577805, 1.0000000063577805, 1.0000000063577805, 1.0000000063577805, 1.0000000063577805, 1.0000000063577805, 1.0000000063577805, 1.0000000063577805]"
4.0,28.0,5760.4599609375,1.0000000063577805,0.0,hopkins_moore_2009,models/spkr_recognition/IHC3000/arch0_00??,"[1.0000000063577805, 1.0000000063577805, 1.0000000063577805, 1.0000000063577805, 1.0000000063577805, 1.0000000063577805, 1.0000000063577805, 1.0000000063577805, 1.0000000063577805, 1.0000000063577805]"
4.0,32.0,8000.0,1.0000000063577805,0.0,hopkins_moore_2009,models/spkr_recognition/IHC3000/arch0_00??,"[1.0000000063577805, 1.0000000063577805, 1.0000000063577805, 1.0000000063577805, 1.0000000063577805, 1.0000000063577805, 1.0000000063577805, 1.0000000063577805, 1.0000000063577805, 1.0000000063577805]"
3.0,0.0,80.0,-3.6003137955485784,0.036185718210168714,hopkins_moore_2009,models/spkr_word_recognition/IHC0050/arch0_00??,"[-3.5197765091424773, -3.455602534376533, -3.684009413210517, -3.7360144299578244, -3.7116293282945736, -3.576787407364803, -3.7610779471879194, -3.46955816676799, -3.582068203172074, -3.5066140160110746]"
3.0,4.0,242.87576293945312,-3.1767691189690663,0.05724699971269172,hopkins_moore_2009,models/spkr_word_recognition/IHC0050/arch0_00??,"[-3.3240233616746, -2.9751979899182586, -3.2080967364592303, -3.4617532622924463, -3.3214046542124014, -3.1282702068492365, -3.1730723543891997, -3.245190824527907, -3.0939236201639955, -2.836758179203386]"
3.0,8.0,491.6507873535156,-2.8904135227362473,0.06152653299354726,hopkins_moore_2009,models/spkr_word_recognition/IHC0050/arch0_00??,"[-3.056282794097581, -2.5151874284485647, -2.8025802286593944, -2.9493537377629813, -3.0993309447981936, -2.9378322976755387, -2.8714283704117127, -3.0463545288460674, -3.0111452078070067, -2.614639688855435]"
3.0,12.0,871.6275024414062,-2.8082612275218777,0.05182562149921718,hopkins_moore_2009,models/spkr_word_recognition/IHC0050/arch0_00??,"[-2.734326198656257, -2.5405465653182255, -2.9829890226097673, -2.9301222083154417, -2.8347193282816705, -2.744951422156315, -3.020583910384928, -2.914011030721527, -2.8133788547679943, -2.566983734006649]"
3.0,16.0,1452.0006103515625,-2.9427074913442297,0.0741987675942508,hopkins_moore_2009,models/spkr_word_recognition/IHC0050/arch0_00??,"[-3.0119514449401508, -2.582895934572634, -2.8351004664907418, -3.099496474952716, -3.1053007781153505, -3.1168400725405214, -3.071961858302716, -3.2255777378011334, -2.835311535559016, -2.5426386101673177]"
3.0,20.0,2338.45751953125,-3.1858868453415763,0.0729715688102457,hopkins_moore_2009,models/spkr_word_recognition/IHC0050/arch0_00??,"[-3.550187003224305, -2.7784953012830043, -3.327456880653413, -3.4473908986764874, -3.258520582366817, -2.9373785900807214, -3.1492973006370186, -3.195423670598289, -3.1826339390501315, -3.0320842868455746]"
3.0,24.0,3692.423583984375,-3.375897446087479,0.04926535990687794,hopkins_moore_2009,models/spkr_word_recognition/IHC0050/arch0_00??,"[-3.493877379092063, -3.0748640974304213, -3.4137596237561074, -3.5063207671654015, -3.454027340482279, -3.3912860412807806, -3.5220508927630454, -3.4850158020182564, -3.203479105745901, -3.2142934111405363]"
3.0,28.0,5760.4599609375,-3.506677555051958,0.06349021999514239,hopkins_moore_2009,models/spkr_word_recognition/IHC0050/arch0_00??,"[-3.8231158737505866, -3.2257413514469677, -3.5886097112469333, -3.548956901152374, -3.7111026937595355, -3.4032863174761756, -3.668570474972623, -3.4876459785282665, -3.2190506873039673, -3.390695560882149]"
3.0,32.0,8000.0,-3.65133728729153,0.06250122358638685,hopkins_moore_2009,models/spkr_word_recognition/IHC0050/arch0_00??,"[-3.7376937002548516, -3.2527469333768444, -3.8055880483247506, -3.861339034915976, -3.599887319493488, -3.5491715369187875, -3.883284380619722, -3.7020350868359957, -3.6863258271669452, -3.43530100500794]"
4.0,0.0,80.0,-3.779338899431157,0.24894688305604973,hopkins_moore_2009,models/spkr_word_recognition/IHC0050/arch0_00??,"[-4.292241124062359, -3.9186226140925933, -5.151876608747276, -3.5809745147355407, -2.7989518325949043, -2.373762623878582, -3.936226650651699, -4.216090461432913, -4.093443884332982, -3.4311986797827183]"
4.0,4.0,242.87576293945312,-3.5693431886219145,0.26486341541562786,hopkins_moore_2009,models/spkr_word_recognition/IHC0050/arch0_00??,"[-3.81424537039092, -3.713525778496507, -4.949420410939377, -3.4032476291623404, -2.8766560195255453, -1.8697674751227376, -3.7307887839516196, -4.314086942309281, -3.9260847985120084, -3.0956086778088108]"
4.0,8.0,491.6507873535156,-3.480658325066109,0.23941117507610807,hopkins_moore_2009,models/spkr_word_recognition/IHC0050/arch0_00??,"[-3.8438790013173594, -3.999283635946908, -4.592592926387602, -3.385032138960557, -2.6413083382908624, -2.186887077471653, -3.6562342531889143, -4.114137768292562, -3.711728517355165, -2.675499593449509]"
4.0,12.0,871.6275024414062,-3.5812265759437265,0.22816048749784787,hopkins_moore_2009,models/spkr_word_recognition/IHC0050/arch0_00??,"[-3.932664864358138, -3.9224057056628734, -4.777919870366127, -3.2617075781208413, -3.3329355425215215, -2.1435773120484654, -3.4312819790688374, -4.303523245393971, -3.612285889694397, -3.0939637722020965]"
4.0,16.0,1452.0006103515625,-3.484339329545887,0.25689901253374453,hopkins_moore_2009,models/spkr_word_recognition/IHC0050/arch0_00??,"[-3.811168017652538, -3.7529078268334666, -4.927262240907156, -2.9079380325793, -3.030585168311271, -2.027981268831585, -3.5544527129634464, -4.386689074052356, -3.399794278329059, -3.0446146749986926]"
4.0,20.0,2338.45751953125,-3.6298248279889656,0.25672088017128664,hopkins_moore_2009,models/spkr_word_recognition/IHC0050/arch0_00??,"[-3.9109960942625253, -3.9876806499036985, -5.083059631393425, -3.1089479415765853, -3.0380420081433064, -2.1540286170094283, -3.544553601992168, -4.458054740291721, -3.717770445235551, -3.295114550081244]"
4.0,24.0,3692.423583984375,-3.752175595711107,0.27971059786081864,hopkins_moore_2009,models/spkr_word_recognition/IHC0050/arch0_00??,"[-4.085099737716469, -3.6729266589793097, -5.369673143613166, -3.4372804959920047, -3.174466772508281, -2.1006385268077103, -3.7536487483180623, -4.681294453025869, -3.977675967189196, -3.2690514529610026]"
4.0,28.0,5760.4599609375,-4.120983682548758,0.2377772433146493,hopkins_moore_2009,models/spkr_word_recognition/IHC0050/arch0_00??,"[-4.4546348659281545, -3.9136318233765133, -5.4261770443754065, -3.8187752448918344, -3.6116400498615966, -2.739903663468044, -4.1824484829395585, -4.862554918081634, -4.557117182809638, -3.6429535497552004]"
4.0,32.0,8000.0,-4.447476505817386,0.27079570655180807,hopkins_moore_2009,models/spkr_word_recognition/IHC0050/arch0_00??,"[-4.922544738368149, -4.380229794492152, -5.885404331438898, -4.095495331711877, -4.011969146359751, -2.7358703829563873, -4.5572568231257184, -5.320518857677999, -4.621997819261636, -3.9434778327812947]"
3.0,0.0,80.0,-3.0808342310524557,0.05386617390070748,hopkins_moore_2009,models/spkr_word_recognition/IHC0320/arch0_00??,"[-3.371063146973485, -2.9645012085803373, -3.0989996358927776, -3.119823364583467, -3.0043305626846677, -3.277659595442254, -3.021220101044241, -3.2167076172333338, -2.8252948363368855, -2.9087422417531053]"
3.0,4.0,242.87576293945312,-2.830382584942212,0.06912090425692227,hopkins_moore_2009,models/spkr_word_recognition/IHC0320/arch0_00??,"[-2.9872974662829255, -2.6308127451836305, -2.9559249422326954, -3.0168836079760823, -2.7225202220132, -3.164733087528967, -2.484082519022203, -2.876081647016792, -2.573848501981979, -2.891641110183646]"
3.0,8.0,491.6507873535156,-2.6031745490932754,0.06423217458522822,hopkins_moore_2009,models/spkr_word_recognition/IHC0320/arch0_00??,"[-2.5777675435723957, -2.676682478384633, -2.5417883186847408, -2.8518219568262904, -2.2194141833010983, -2.7176793682977065, -2.8310017872723607, -2.7242544763108634, -2.338171234893439, -2.5531641433892243]"
3.0,12.0,871.6275024414062,-2.638424532648856,0.05918122499518009,hopkins_moore_2009,models/spkr_word_recognition/IHC0320/arch0_00??,"[-2.8392208441863347, -2.7193891316539416, -2.872831544953264, -2.7221908315126684, -2.7185219806408014, -2.5844730655404646, -2.4298914761258517, -2.7383940322214175, -2.310162029136323, -2.449170390517491]"
3.0,16.0,1452.0006103515625,-2.944056753750799,0.06761236585798897,hopkins_moore_2009,models/spkr_word_recognition/IHC0320/arch0_00??,"[-3.1754997215810747, -3.027075630878691, -2.657824708841395, -3.0149538704127044, -3.014691674333878, -3.244430961082283, -2.9248767561511597, -2.931827511708792, -2.534899084076796, -2.914487618441214]"
3.0,20.0,2338.45751953125,-3.372398217684952,0.05756058965685488,hopkins_moore_2009,models/spkr_word_recognition/IHC0320/arch0_00??,"[-3.245986798863328, -3.3767165083337027, -3.4569823327353513, -3.543128482285621, -3.5904964868480227, -3.5941229448622405, -3.0484884370103944, -3.360291756975785, -3.1644298038513186, -3.3433386250837525]"
3.0,24.0,3692.423583984375,-3.7141780448208417,0.06596441877743817,hopkins_moore_2009,models/spkr_word_recognition/IHC0320/arch0_00??,"[-3.6411087552984114, -3.604283821618693, -3.6629156753739553, -3.7683318202490734, -4.147569668975364, -3.9426533424599666, -3.5008062165792593, -3.651987354499743, -3.4408403863124652, -3.781283406841486]"
3.0,28.0,5760.4599609375,-3.824668983957808,0.06782745589793784,hopkins_moore_2009,models/spkr_word_recognition/IHC0320/arch0_00??,"[-3.9384513268920314, -3.892153752056162, -3.409458090887013, -3.893742929870982, -3.871597748458324, -4.130988627172191, -3.7055958279708645, -3.9492721215701487, -3.5342719848660167, -3.9211574298343455]"
3.0,32.0,8000.0,-4.008697368543302,0.0506346740368584,hopkins_moore_2009,models/spkr_word_recognition/IHC0320/arch0_00??,"[-4.098007918151945, -3.9265403316739547, -3.9378036135589376, -3.918364775327976, -4.236596116427299, -4.255411131288604, -3.952707412681331, -4.106518764949455, -3.7511232286097327, -3.9039003927637888]"
4.0,0.0,80.0,-3.1926350895273616,0.20814180809542876,hopkins_moore_2009,models/spkr_word_recognition/IHC0320/arch0_00??,"[-2.34327837150637, -3.985338939418768, -3.8296814456254356, -3.475268196089131, -2.876150204947732, -2.506437976977262, -3.1811175313748796, -2.3485637017633163, -3.31296336887402, -4.067551158696701]"
4.0,4.0,242.87576293945312,-3.277404826142366,0.18511007396532272,hopkins_moore_2009,models/spkr_word_recognition/IHC0320/arch0_00??,"[-2.7343288681551217, -4.002412331677481, -3.5351588698634484, -3.1429270915172727, -3.3517566196659137, -2.7753058896496534, -3.2339373540535297, -2.2920023368462017, -3.4753415847712588, -4.230877315223781]"
4.0,8.0,491.6507873535156,-3.632609761935497,0.21600803639311847,hopkins_moore_2009,models/spkr_word_recognition/IHC0320/arch0_00??,"[-3.408447530485525, -4.09180156201346, -3.662885618311327, -3.8907151861436993, -3.909033004264218, -2.894067648058407, -3.3859166139684866, -2.365737156752488, -3.844701866291479, -4.872791433065879]"
4.0,12.0,871.6275024414062,-4.512233166129886,0.24362528741047812,hopkins_moore_2009,models/spkr_word_recognition/IHC0320/arch0_00??,"[-4.281045717645822, -5.248352575126564, -4.833230099074945, -5.1759967102590885, -4.436815087005991, -3.7637227562043662, -4.464595595689299, -2.8086815006252, -4.787114330211719, -5.322777289455867]"
4.0,16.0,1452.0006103515625,-5.002006071774416,0.21608085054210485,hopkins_moore_2009,models/spkr_word_recognition/IHC0320/arch0_00??,"[-4.614609001468538, -5.414944105407907, -5.540283238962392, -5.6025065050723155, -5.073417998963482, -4.5773292035952196, -4.612424588654745, -3.505347421050045, -5.344634333823347, -5.734564320746174]"
4.0,20.0,2338.45751953125,-5.576536012007159,0.23024427454660887,hopkins_moore_2009,models/spkr_word_recognition/IHC0320/arch0_00??,"[-5.280724407129292, -6.213785155610289, -5.776894175854813, -6.410704740393822, -5.854589240323351, -4.870237676818864, -5.361724435855893, -4.069603069443616, -5.545920093151872, -6.38117712548977]"
4.0,24.0,3692.423583984375,-6.092083271249844,0.22689150241681488,hopkins_moore_2009,models/spkr_word_recognition/IHC0320/arch0_00??,"[-5.670618623001503, -6.5255245269923465, -6.116939033639218, -7.089300076970258, -6.415492189222718, -5.621944251690785, -5.904651170734079, -4.646813252070529, -5.942636536153801, -6.986913052023204]"
4.0,28.0,5760.4599609375,-6.407345287748013,0.19313657022756006,hopkins_moore_2009,models/spkr_word_recognition/IHC0320/arch0_00??,"[-6.053934924228158, -7.069069418850606, -6.675551892742175, -6.937398086800665, -6.579258515770042, -6.000334574047034, -6.1208980108807935, -5.093766910659768, -6.477219980729539, -7.066020562771357]"
4.0,32.0,8000.0,-6.6687326330942795,0.18520927129749853,hopkins_moore_2009,models/spkr_word_recognition/IHC0320/arch0_00??,"[-6.306430656819984, -7.098488452529169, -7.19597650965634, -7.342217114811445, -6.797812146160071, -6.071579574944563, -6.388285245606697, -5.564883075463769, -6.645647003434366, -7.2760065515163985]"
3.0,0.0,80.0,-2.2129061774781538,0.1175113032775742,hopkins_moore_2009,models/spkr_word_recognition/IHC1000/arch0_00??,"[-2.1666714997029466, -2.361974502644221, -2.4729446268692734, -2.2297165250037523, -2.048694508542325, -3.0200334187054847, -1.779317783869195, -2.059637891637151, -1.7072032598732099, -2.282867757933978]"
3.0,4.0,242.87576293945312,-2.1106781410733317,0.07848706952271987,hopkins_moore_2009,models/spkr_word_recognition/IHC1000/arch0_00??,"[-2.1707700784886512, -1.952733322966094, -2.1675584658086726, -2.4080561032273047, -2.221063059526959, -2.5773131104282587, -1.8165145874643591, -1.9980660979499856, -1.8135932133096428, -1.98111337156339]"
3.0,8.0,491.6507873535156,-1.9864068361854166,0.08201216141715531,hopkins_moore_2009,models/spkr_word_recognition/IHC1000/arch0_00??,"[-1.812937311204588, -1.975064633772891, -2.2571562776068763, -2.237196283314092, -2.248124817538417, -2.2524828251261524, -1.8234969818977682, -1.836560528760904, -1.488702320949337, -1.9323463816831408]"
3.0,12.0,871.6275024414062,-2.2215911847472514,0.08460379272451125,hopkins_moore_2009,models/spkr_word_recognition/IHC1000/arch0_00??,"[-2.5701616616714893, -2.0412337246832015, -2.4020214419483095, -2.4379719562607858, -2.285351939452069, -2.5998791395052234, -2.053001374870928, -1.9566001706270866, -1.9512735564284627, -1.9184168820249599]"
3.0,16.0,1452.0006103515625,-2.575815671410331,0.10745242149247575,hopkins_moore_2009,models/spkr_word_recognition/IHC1000/arch0_00??,"[-2.864517521378217, -2.473491159987602, -2.814902435655199, -2.7542656606187985, -2.5881609582861054, -3.1515551149127616, -2.5371040374430867, -2.3563409999990617, -2.2485825544883835, -1.9692362713340912]"
3.0,20.0,2338.45751953125,-3.200613892519317,0.09045165337325936,hopkins_moore_2009,models/spkr_word_recognition/IHC1000/arch0_00??,"[-3.455547119445371, -3.0364581189580506, -3.4440355185552467, -3.403006546802952, -3.066390008454998, -3.664912343418361, -2.828457731231327, -3.28125962873693, -2.922654032951396, -2.903417876638538]"
3.0,24.0,3692.423583984375,-3.466015973223365,0.05131358111737456,hopkins_moore_2009,models/spkr_word_recognition/IHC1000/arch0_00??,"[-3.5924003566414497, -3.410315967732468, -3.6131233250033166, -3.72605781421996, -3.3514253860227625, -3.6384628743941714, -3.275883896229355, -3.393283771885978, -3.2699639728414462, -3.389242367262744]"
3.0,28.0,5760.4599609375,-3.7712054061325753,0.045873025457741405,hopkins_moore_2009,models/spkr_word_recognition/IHC1000/arch0_00??,"[-3.929257747491526, -3.761113039562503, -3.88705587907523, -3.7390324356262807, -3.574594975647189, -4.035550309898798, -3.7194165798874588, -3.7978720454835275, -3.6466845536900507, -3.6214764949631877]"
3.0,32.0,8000.0,-3.9541596192529993,0.06165131868773876,hopkins_moore_2009,models/spkr_word_recognition/IHC1000/arch0_00??,"[-4.130257231312387, -3.8769557170599005, -4.0835243913234915, -3.965774976641785, -3.8486072538331695, -4.256521039847241, -3.661101622479331, -4.144861824818981, -3.8483855177560335, -3.7256066174576694]"
4.0,0.0,80.0,-1.8299178921360824,0.275686304283093,hopkins_moore_2009,models/spkr_word_recognition/IHC1000/arch0_00??,"[-2.7251298759023284, -2.531096143133125, -2.166550412521602, -1.7024137837337356, -2.4070301494745285, -1.5037959753314791, -1.3657756050430756, 0.30390584797110887, -1.9231689142254633, -2.278123909966595]"
4.0,4.0,242.87576293945312,-2.1057248127295662,0.31224100761373097,hopkins_moore_2009,models/spkr_word_recognition/IHC1000/arch0_00??,"[-3.178889397477327, -2.842323234258088, -2.3707395042922617, -2.508122012439387, -2.5657368837055836, -1.4153912767035777, -1.721757756650112, 0.2946265116365589, -2.6050668046026586, -2.1438477688032247]"
4.0,8.0,491.6507873535156,-2.3016439842256267,0.2779338697314861,hopkins_moore_2009,models/spkr_word_recognition/IHC1000/arch0_00??,"[-2.873519079265298, -3.503416219541428, -2.299862675760174, -2.3990618016647067, -3.0078064901076127, -1.4858295498304095, -2.176161642712028, -0.34181923887127125, -2.6853327824263897, -2.2436303620769493]"
4.0,12.0,871.6275024414062,-3.996629803485682,0.2977329405822536,hopkins_moore_2009,models/spkr_word_recognition/IHC1000/arch0_00??,"[-4.829132729642837, -4.909943690334093, -4.200155558236077, -3.6480506232308954, -4.824117230121371, -3.2718752700877594, -3.88827224235865, -1.78958187014029, -4.365373091614659, -4.239795729090185]"
4.0,16.0,1452.0006103515625,-4.79971359697698,0.2749389207217298,hopkins_moore_2009,models/spkr_word_recognition/IHC1000/arch0_00??,"[-5.2045394566478524, -5.822840754470882, -5.090071180473965, -4.614158087367808, -5.549214651419414, -4.3509183391483415, -4.458536012599001, -2.7014154312751835, -5.165018796699281, -5.040423259668077]"
4.0,20.0,2338.45751953125,-5.538027881825682,0.25256939853499394,hopkins_moore_2009,models/spkr_word_recognition/IHC1000/arch0_00??,"[-5.433413585529582, -6.1293999561951145, -5.787490878232114, -5.532611448059915, -6.430562543480192, -5.1579867376253, -5.064540418528301, -3.658630026241829, -6.144409661701965, -6.041233562662513]"
4.0,24.0,3692.423583984375,-6.335419224872113,0.2599837794667847,hopkins_moore_2009,models/spkr_word_recognition/IHC1000/arch0_00??,"[-6.156670658122746, -7.060002107214664, -6.460977526536555, -6.285732422815633, -7.181349336284669, -5.791257301066972, -5.9947055452137645, -4.455242978150569, -6.942095582557111, -7.026158790758443]"
4.0,28.0,5760.4599609375,-6.936222935274555,0.21825624868770635,hopkins_moore_2009,models/spkr_word_recognition/IHC1000/arch0_00??,"[-6.647582368426537, -7.335162952044812, -7.088080800410822, -7.015171435580011, -7.899111787606232, -6.200234992878764, -6.989878123732255, -5.465378021058417, -7.4603337781992, -7.261295092808499]"
4.0,32.0,8000.0,-7.213362873383398,0.24064278459624253,hopkins_moore_2009,models/spkr_word_recognition/IHC1000/arch0_00??,"[-7.01807977159119, -7.352311865412931, -7.372551304861334, -7.215226940473258, -8.022742705032963, -6.542022598550246, -7.1251248512754195, -5.531289174665739, -7.8787601001825225, -8.075519421788364]"
3.0,0.0,80.0,-2.1580389254050827,0.10680070422727021,hopkins_moore_2009,models/spkr_word_recognition/IHC3000/arch0_00??,"[-2.8195509748635597, -2.1075028954764163, -2.3305334307643912, -2.267565728701304, -2.124608287773332, -2.33099806227898, -1.8266020037686954, -2.2693733364164546, -1.5766437864917242, -1.92701074751597]"
3.0,4.0,242.87576293945312,-2.0050482503190405,0.07316687710970297,hopkins_moore_2009,models/spkr_word_recognition/IHC3000/arch0_00??,"[-2.5191370760923566, -1.7964063528255243, -1.9114287142669941, -1.8293986129714987, -1.9408652656783119, -2.2666478989018937, -1.9962428479803367, -2.0474703043473848, -1.7613581539368521, -1.981527276189251]"
3.0,8.0,491.6507873535156,-1.8795484004580842,0.09842698326824081,hopkins_moore_2009,models/spkr_word_recognition/IHC3000/arch0_00??,"[-2.176242983278669, -1.8224943374982783, -1.883956167638895, -1.819195069124515, -1.9627873564025007, -2.180407765081647, -1.4316733233145789, -2.3952885271259863, -1.4878687096109193, -1.6355697655048518]"
3.0,12.0,871.6275024414062,-2.205995650708503,0.0785624546967789,hopkins_moore_2009,models/spkr_word_recognition/IHC3000/arch0_00??,"[-2.4857487194382473, -1.9156952898123152, -2.1874136556960755, -2.25387960167714, -2.106618260083509, -2.494599539580654, -1.9494482443423897, -2.608452784617093, -2.087081774780186, -1.971018637057419]"
3.0,16.0,1452.0006103515625,-2.554697907709466,0.08412670979811226,hopkins_moore_2009,models/spkr_word_recognition/IHC3000/arch0_00??,"[-2.7908388663407466, -2.6031987883125836, -2.648395696275787, -2.7928117036381583, -2.5252747901886887, -2.675280824494109, -2.3184840457074083, -2.87758812942492, -2.0515910008851606, -2.263515231827095]"
3.0,20.0,2338.45751953125,-3.107077651000982,0.09160668210402881,hopkins_moore_2009,models/spkr_word_recognition/IHC3000/arch0_00??,"[-3.11143686347727, -2.9462579669751134, -3.13787345450892, -3.3831575421433575, -2.9776799730127665, -3.2772639657627223, -2.7508672413414317, -3.712037096781892, -2.7952809598605697, -2.9789214461457743]"
3.0,24.0,3692.423583984375,-3.4953116806131987,0.08931180472707786,hopkins_moore_2009,models/spkr_word_recognition/IHC3000/arch0_00??,"[-3.7491104473585306, -3.1619903748410447, -3.7618079399721362, -3.5350843801078713, -3.248344398312073, -3.7397488208579253, -3.2690246385638098, -3.896726929462169, -3.1268874889768172, -3.4643913876796097]"
3.0,28.0,5760.4599609375,-3.6378832954014664,0.07949648086446075,hopkins_moore_2009,models/spkr_word_recognition/IHC3000/arch0_00??,"[-3.769328296210297, -3.5991933818464217, -3.9098364211089502, -3.6873025405196187, -3.4055997310366153, -3.74025616481852, -3.3345007563637523, -4.103975677850795, -3.4126804790854655, -3.416159505174228]"
3.0,32.0,8000.0,-3.8948651311348073,0.07870496394391618,hopkins_moore_2009,models/spkr_word_recognition/IHC3000/arch0_00??,"[-4.169262538264884, -3.8117317971178544, -4.097922245986978, -3.9275981985775843, -3.6319758052976954, -4.247665800536378, -3.744504119434761, -4.063434747894407, -3.4769704881361476, -3.77758557010138]"
4.0,0.0,80.0,-1.0676443992413631,0.15362721045739494,hopkins_moore_2009,models/spkr_word_recognition/IHC3000/arch0_00??,"[-0.7585368854109172, -1.432434865054526, -0.6575659522044159, -0.45877627220068434, -1.5052781159363864, -0.8515114808979054, -0.5199233277129182, -1.512564992133174, -1.1267583804502066, -1.853093720412497]"
4.0,4.0,242.87576293945312,-1.234275063724143,0.1343179387118516,hopkins_moore_2009,models/spkr_word_recognition/IHC3000/arch0_00??,"[-0.8756066266622085, -1.5754395799715986, -0.9752558096924571, -0.7183887987837843, -1.803965210217596, -0.9789828071152636, -0.7870055764666866, -1.5696117080196132, -1.2383752605522231, -1.8201192597599998]"
4.0,8.0,491.6507873535156,-2.0043142538472294,0.17027074684765403,hopkins_moore_2009,models/spkr_word_recognition/IHC3000/arch0_00??,"[-1.342645091937603, -2.6486448489255725, -2.024547087133757, -1.702454934016418, -2.823693810247523, -1.5056165623043563, -1.5829485737769944, -1.9280044847120426, -1.7689690201120631, -2.7156181253059613]"
4.0,12.0,871.6275024414062,-3.6979997305260506,0.19844886065906658,hopkins_moore_2009,models/spkr_word_recognition/IHC3000/arch0_00??,"[-2.733814336364032, -4.693760770638888, -3.6608388393289584, -3.846244506455699, -4.32009049835546, -3.129842686830677, -2.960938712301138, -3.66174761339419, -3.6870695629027526, -4.2856497786887084]"
4.0,16.0,1452.0006103515625,-4.449581242690273,0.16731920623744173,hopkins_moore_2009,models/spkr_word_recognition/IHC3000/arch0_00??,"[-3.6176348754784216, -4.908934018172859, -4.482633108167157, -4.901373839632327, -5.37858042818493, -3.8156368370970597, -4.135538940861692, -4.307774094530379, -4.358895058201473, -4.588811226576435]"
4.0,20.0,2338.45751953125,-5.095784932977074,0.15171620753090725,hopkins_moore_2009,models/spkr_word_recognition/IHC3000/arch0_00??,"[-4.388439699223015, -5.587653698325734, -5.3848827344546075, -5.421678254360014, -5.415358036385409, -4.267364687001718, -4.681127989789703, -5.094021404738802, -5.215504368667254, -5.501818456824492]"
4.0,24.0,3692.423583984375,-6.130619613845857,0.1406739496959647,hopkins_moore_2009,models/spkr_word_recognition/IHC3000/arch0_00??,"[-5.563970297335519, -5.983916463205121, -6.374341733839039, -6.02422269593369, -6.904323353626481, -5.5516902766505565, -5.8633412600192685, -6.245332921084323, -6.719115319609473, -6.0759418171551]"
4.0,28.0,5760.4599609375,-6.599617921173412,0.13640531509527837,hopkins_moore_2009,models/spkr_word_recognition/IHC3000/arch0_00??,"[-6.107027885487549, -6.260176270742576, -6.467639792025321, -6.7113213620147585, -7.120469669184973, -6.194012993295596, -6.3983836853424245, -6.328814103795273, -7.2599569474360575, -7.148376502409588]"
4.0,32.0,8000.0,-6.852654378246532,0.14475840614787464,hopkins_moore_2009,models/spkr_word_recognition/IHC3000/arch0_00??,"[-6.2115961579478975, -6.458027162571308, -6.814285299984904, -7.037150913614457, -7.371474293383903, -6.495137629965084, -6.659110720179047, -6.545987009930725, -7.485484401851143, -7.448290193036861]"
3.0,0.0,80.0,-4.021058519992675,0.0800646138390626,hopkins_moore_2009,models/spkr_word_recognition/simplified_IHC0050/arch0_00??,"[-3.892387314425429, -4.161600529883831, -3.7687701864719094, -3.848095352561499, -4.083062796332809, -4.3515695670337795, -3.6237679216107477, -4.33881671845131, -3.8840078569878953, -4.258506956167537]"
3.0,4.0,242.87576293945312,-3.648688682701826,0.056151807181474264,hopkins_moore_2009,models/spkr_word_recognition/simplified_IHC0050/arch0_00??,"[-3.602500833502607, -3.7209267595874214, -3.322622100978963, -3.7347290677456977, -3.757178056331836, -3.9569996585028635, -3.478916437513411, -3.508659414343973, -3.7315013264724803, -3.6728531720390074]"
3.0,8.0,491.6507873535156,-3.2774889539818526,0.04762263237678646,hopkins_moore_2009,models/spkr_word_recognition/simplified_IHC0050/arch0_00??,"[-3.3564433763171184, -3.218514154488521, -3.245390522916537, -3.0911735642215508, -3.355337071454849, -3.587689972784414, -3.1606708079633563, -3.3957538645600382, -3.2543681911583335, -3.1095480139538045]"
3.0,12.0,871.6275024414062,-3.1013112623458197,0.0407011313347861,hopkins_moore_2009,models/spkr_word_recognition/simplified_IHC0050/arch0_00??,"[-3.1420454479842257, -2.973485885205956, -3.17606273350387, -2.9567277507056366, -3.1417650312909045, -3.3316588130668334, -2.9726144988327436, -3.0684634095827534, -3.0003903199284694, -3.249898733356804]"
3.0,16.0,1452.0006103515625,-3.3286767118696168,0.03314925959342928,hopkins_moore_2009,models/spkr_word_recognition/simplified_IHC0050/arch0_00??,"[-3.13740838098129, -3.3395318126410265, -3.335051609429333, -3.2757223580777444, -3.3459544258546234, -3.505649364546512, -3.219557815740908, -3.4040183413678164, -3.4249398185110866, -3.2989331915458293]"
3.0,20.0,2338.45751953125,-3.4544037641838825,0.04139677361297588,hopkins_moore_2009,models/spkr_word_recognition/simplified_IHC0050/arch0_00??,"[-3.4782726074299424, -3.3781623649048584, -3.4350453347791627, -3.443616682200526, -3.392340897567132, -3.6428858565853193, -3.1657933051955887, -3.585059099789467, -3.534994591195715, -3.4878669021911173]"
3.0,24.0,3692.423583984375,-3.7209923049206326,0.04293165854529335,hopkins_moore_2009,models/spkr_word_recognition/simplified_IHC0050/arch0_00??,"[-3.722595843511974, -3.6492351040866016, -3.602291191373217, -3.690766096526166, -3.6307826400948655, -4.063487788700361, -3.6220264059047467, -3.707925875846737, -3.7003502249452023, -3.820461878216452]"
3.0,28.0,5760.4599609375,-3.8446692153131052,0.037815647369620946,hopkins_moore_2009,models/spkr_word_recognition/simplified_IHC0050/arch0_00??,"[-3.928677108078963, -3.7439682133911028, -3.9136883970435044, -3.8480250589093035, -3.9391259335442403, -3.936397616891074, -3.6189654229838286, -3.6815656669414287, -3.8952014889970084, -3.9410772463506]"
3.0,32.0,8000.0,-3.9747246038236823,0.029875646483814373,hopkins_moore_2009,models/spkr_word_recognition/simplified_IHC0050/arch0_00??,"[-3.92150281831357, -4.032371250306256, -3.9698693844630655, -3.881679278286471, -3.97356984139068, -4.161717317720296, -3.987709765635064, -3.980926999718648, -3.809184468415348, -4.028714913987425]"
4.0,0.0,80.0,-3.693922167358245,0.25020126924706554,hopkins_moore_2009,models/spkr_word_recognition/simplified_IHC0050/arch0_00??,"[-2.9586039292660384, -3.552190138400982, -3.07150490330318, -4.066491194364662, -4.816542354714137, -3.390829961704288, -5.216139824043088, -2.7818627553137834, -3.5491921712596293, -3.5358644412126603]"
4.0,4.0,242.87576293945312,-3.5138446019121394,0.295967200466068,hopkins_moore_2009,models/spkr_word_recognition/simplified_IHC0050/arch0_00??,"[-2.3321182569524974, -3.050913387755375, -2.782969994030836, -3.9764245842085355, -4.489781240113444, -3.707911022919123, -5.49510501661243, -2.8587759287701933, -3.151356262610206, -3.2930903251487575]"
4.0,8.0,491.6507873535156,-3.314626288472824,0.3256014548098488,hopkins_moore_2009,models/spkr_word_recognition/simplified_IHC0050/arch0_00??,"[-2.1561999203887576, -2.927474529420054, -2.4361420358345156, -3.7956157450372237, -4.398646064408448, -3.0360561307277627, -5.568690658480802, -2.5388129387556715, -2.981312854048604, -3.3073120076263995]"
4.0,12.0,871.6275024414062,-3.548157201833303,0.2955885287120502,hopkins_moore_2009,models/spkr_word_recognition/simplified_IHC0050/arch0_00??,"[-2.855890859339494, -3.1805566768160594, -2.807611086773164, -3.895352683055917, -4.577394735969766, -3.3818414079194183, -5.624249945596969, -2.507476315777478, -3.347770755766976, -3.30342755131779]"
4.0,16.0,1452.0006103515625,-3.596134967027673,0.30420334881876193,hopkins_moore_2009,models/spkr_word_recognition/simplified_IHC0050/arch0_00??,"[-2.7250260620442925, -3.159282675973574, -2.8333853904473982, -4.157695175649544, -4.878737643397047, -3.3933971040879314, -5.545489726384879, -2.7054161161942583, -3.23570833239439, -3.327211443703414]"
4.0,20.0,2338.45751953125,-3.650157791110106,0.3164905955247022,hopkins_moore_2009,models/spkr_word_recognition/simplified_IHC0050/arch0_00??,"[-2.646754444932349, -3.378322193470484, -2.8780472424476717, -4.478875535036335, -4.927386741359588, -3.3172172403931293, -5.401728585676459, -2.3031886578141116, -3.489234169510257, -3.680823100460678]"
4.0,24.0,3692.423583984375,-3.7782552277564236,0.33343537638876747,hopkins_moore_2009,models/spkr_word_recognition/simplified_IHC0050/arch0_00??,"[-2.8954736064659197, -3.4035006375867876, -3.052748899112033, -4.268285220953619, -5.137224987086951, -3.3040491285739986, -5.96162823273307, -2.6183651466600693, -3.413241042060906, -3.728035376330881]"
4.0,28.0,5760.4599609375,-3.9430774237620816,0.33779176021806306,hopkins_moore_2009,models/spkr_word_recognition/simplified_IHC0050/arch0_00??,"[-3.054136172611627, -3.402896611840519, -3.65634953610317, -4.867079318230799, -5.337960965124107, -3.5281347880563327, -5.923195452981774, -2.6188346474864743, -3.2943937361011915, -3.747793009084821]"
4.0,32.0,8000.0,-4.11504414428098,0.33432091607973224,hopkins_moore_2009,models/spkr_word_recognition/simplified_IHC0050/arch0_00??,"[-3.201676058536567, -3.55966203652795, -3.430315055667104, -4.75505341169876, -5.429328324545009, -3.921724705113777, -6.2957949636826935, -3.011147099966801, -3.5925343144800563, -3.953205472591084]"
3.0,0.0,80.0,-3.2259044035282884,0.0963893452663005,hopkins_moore_2009,models/spkr_word_recognition/simplified_IHC0320/arch0_00??,"[-2.9241763222721544, -3.117138897784148, -3.7583215156758465, -3.1039159330223893, -2.859839457181957, -3.6031499699082485, -3.226902484639072, -3.528059938404011, -2.9739982658317263, -3.1635412505633287]"
3.0,4.0,242.87576293945312,-2.8919838535668747,0.07300055406669619,hopkins_moore_2009,models/spkr_word_recognition/simplified_IHC0320/arch0_00??,"[-2.971814895468498, -2.9837961110320563, -3.2151531373050237, -2.9352692266148788, -2.681137250428628, -3.1624636844248166, -2.54810151642425, -3.0669158531828047, -2.6848177912504965, -2.670369069537291]"
3.0,8.0,491.6507873535156,-2.7054044537472532,0.0584750053502352,hopkins_moore_2009,models/spkr_word_recognition/simplified_IHC0320/arch0_00??,"[-2.9353254150619823, -2.6542130800736428, -2.862606126350198, -2.8789314375016617, -2.38459553578696, -2.7861950336903147, -2.572978501365402, -2.7454691417723707, -2.4538230171912665, -2.779907248678732]"
3.0,12.0,871.6275024414062,-2.5450170828050895,0.06471034534650763,hopkins_moore_2009,models/spkr_word_recognition/simplified_IHC0320/arch0_00??,"[-2.5004970468180945, -2.5731722735066853, -2.9915508667466866, -2.4510094791387846, -2.194113377595853, -2.6797638503513284, -2.426089488055808, -2.4637971323287235, -2.602723515731117, -2.5674537977778162]"
3.0,16.0,1452.0006103515625,-2.790730857268636,0.0870575737783429,hopkins_moore_2009,models/spkr_word_recognition/simplified_IHC0320/arch0_00??,"[-2.866470302230276, -2.8418577833285594, -3.1619774221706636, -2.676189340551561, -2.162455741207658, -2.893573334360234, -2.6281393694065263, -2.9573729052806965, -2.6956086634662557, -3.02366371068393]"
3.0,20.0,2338.45751953125,-3.4332566686030694,0.05540329247639416,hopkins_moore_2009,models/spkr_word_recognition/simplified_IHC0320/arch0_00??,"[-3.2709244858355575, -3.474712448446434, -3.551536998113666, -3.482533124740689, -3.1449746707908743, -3.6467106236740587, -3.2238812956388454, -3.4410727326417114, -3.6762070386292818, -3.4200132675195754]"
3.0,24.0,3692.423583984375,-3.813341062920616,0.04542403866901816,hopkins_moore_2009,models/spkr_word_recognition/simplified_IHC0320/arch0_00??,"[-3.85352245061189, -3.8634699799111547, -3.9832609802864636, -3.7610205649955213, -3.7185592229114004, -4.004129559109438, -3.5110606753605214, -3.8912767146881, -3.8180870363617614, -3.7290234449699073]"
3.0,28.0,5760.4599609375,-4.063918601407368,0.06901151671233245,hopkins_moore_2009,models/spkr_word_recognition/simplified_IHC0320/arch0_00??,"[-3.9372423229725166, -4.333834126484899, -4.176451059644396, -4.011306203387462, -3.5965868079546186, -4.2419676382671785, -4.020637558790922, -4.31788918122867, -4.0074250692580575, -3.99584604608496]"
3.0,32.0,8000.0,-4.185072595251223,0.040214936204608524,hopkins_moore_2009,models/spkr_word_recognition/simplified_IHC0320/arch0_00??,"[-4.130637612075424, -4.272790955273099, -4.093296611212398, -4.209313568966396, -4.098049750681654, -4.090481305107112, -3.9801808666063687, -4.383475781691335, -4.336857090566625, -4.255642410331826]"
4.0,0.0,80.0,-1.2719556535694172,0.2600185330691295,hopkins_moore_2009,models/spkr_word_recognition/simplified_IHC0320/arch0_00??,"[-2.8684861157438384, -0.8285483335667909, -1.2035721648154174, 0.040977242773301836, -1.3734527387868516, -0.6087163258007117, -2.105709106700095, -0.8011459672123715, -1.2091155678011807, -1.761787458040217]"
4.0,4.0,242.87576293945312,-1.6752095885062122,0.3196147810736934,hopkins_moore_2009,models/spkr_word_recognition/simplified_IHC0320/arch0_00??,"[-3.3604208329745417, -1.0541309789844608, -1.63535336801409, -0.28560866811828983, -1.6606997128424896, -0.5473166703668371, -2.54649599073813, -0.9128140394686228, -1.9032159483006867, -2.8460396752539747]"
4.0,8.0,491.6507873535156,-1.9198318401870313,0.33091115704417534,hopkins_moore_2009,models/spkr_word_recognition/simplified_IHC0320/arch0_00??,"[-4.051959253657639, -1.0467136293235628, -1.8184720105633159, -1.1024683969399027, -2.2714782122234136, -0.49926250281867735, -2.216041659677891, -1.1340023814654479, -2.1551135213617507, -2.902806833838711]"
4.0,12.0,871.6275024414062,-2.8710233512224796,0.3764834736176837,hopkins_moore_2009,models/spkr_word_recognition/simplified_IHC0320/arch0_00??,"[-5.059045085308962, -2.390842570278017, -3.147270899838495, -1.172284172213763, -3.2770458222690237, -1.3617524936423941, -3.3469088419761936, -2.0128862538377206, -2.900685471554134, -4.041511901306094]"
4.0,16.0,1452.0006103515625,-3.468603427421217,0.3757781110270586,hopkins_moore_2009,models/spkr_word_recognition/simplified_IHC0320/arch0_00??,"[-5.551524024737925, -3.0279383126568518, -4.21512897470669, -1.7759201151546635, -3.35533248845151, -1.9309629205308705, -3.8594893683922513, -2.6705603553923156, -3.575441519557474, -4.723736194631618]"
4.0,20.0,2338.45751953125,-4.605633592039891,0.3549337533921439,hopkins_moore_2009,models/spkr_word_recognition/simplified_IHC0320/arch0_00??,"[-6.252634159581195, -4.772161954231401, -5.2161754777159075, -2.914953625843457, -5.106045810433361, -2.97907201886913, -5.119884673051623, -3.4904265879349765, -4.618484313254648, -5.586497299483213]"
4.0,24.0,3692.423583984375,-5.643855264516432,0.34737869775922164,hopkins_moore_2009,models/spkr_word_recognition/simplified_IHC0320/arch0_00??,"[-7.302403570146434, -5.449406578764952, -5.914058143583521, -4.0780421929238075, -6.467108702219665, -3.984957209781287, -6.211154669637975, -4.769896221631493, -5.602736275897649, -6.658789080577537]"
4.0,28.0,5760.4599609375,-6.251299367035919,0.32543238802317853,hopkins_moore_2009,models/spkr_word_recognition/simplified_IHC0320/arch0_00??,"[-7.885871638205487, -6.038421689208476, -6.589061357973384, -4.821431107874215, -6.728860446709907, -4.899861521521012, -6.822659639391234, -5.226511709239043, -6.147246783099541, -7.353067777136892]"
4.0,32.0,8000.0,-6.53801453255411,0.3281968115127618,hopkins_moore_2009,models/spkr_word_recognition/simplified_IHC0320/arch0_00??,"[-8.083816738069542, -6.355395172315814, -6.772642150215536, -5.07806288131003, -7.231891039392813, -4.911640916862128, -6.9708305419238785, -5.661056955977322, -6.814919285663594, -7.499889643810432]"
3.0,0.0,80.0,-2.5619296648924843,0.08476870508968176,hopkins_moore_2009,models/spkr_word_recognition/simplified_IHC1000/arch0_00??,"[-1.972680680888515, -2.8323120783905043, -2.5296362919176425, -2.545602047290019, -2.4271573507668847, -2.8089722575011367, -2.3434888067217954, -2.643020060752236, -2.672934179617073, -2.8434928950790384]"
3.0,4.0,242.87576293945312,-2.48074796009782,0.07909683646761001,hopkins_moore_2009,models/spkr_word_recognition/simplified_IHC1000/arch0_00??,"[-2.0042197003241684, -2.6366688605007087, -2.6292007580641092, -2.642411828342429, -2.3715687516820725, -2.664710391361007, -2.2334493168355802, -2.605301307785506, -2.2460016972090755, -2.7739469888735395]"
3.0,8.0,491.6507873535156,-2.3572783289025376,0.11018717424322497,hopkins_moore_2009,models/spkr_word_recognition/simplified_IHC1000/arch0_00??,"[-1.5952766971342323, -2.472907044784087, -2.6147088680588655, -2.2442845201201673, -2.5288390298997827, -2.842404527548506, -2.1745919929053503, -2.104566161851163, -2.4020647887126287, -2.593139658010596]"
3.0,12.0,871.6275024414062,-2.3549649834103623,0.08282849993780013,hopkins_moore_2009,models/spkr_word_recognition/simplified_IHC1000/arch0_00??,"[-1.7550235409858415, -2.3630214241606504, -2.4556525098740862, -2.5045647244564098, -2.493822769395265, -2.731316393671231, -2.181889161468898, -2.4241360907491667, -2.2042529267733797, -2.4359702925686935]"
3.0,16.0,1452.0006103515625,-2.718217421075535,0.08694819554240393,hopkins_moore_2009,models/spkr_word_recognition/simplified_IHC1000/arch0_00??,"[-2.187122088240525, -2.711768306300231, -3.0267319906679178, -2.7307553576645356, -2.9158211853101563, -2.825662933863587, -2.4028167559391846, -2.85285880534135, -2.5088693445454577, -3.019767442882404]"
3.0,20.0,2338.45751953125,-3.226794097484865,0.0650957712094056,hopkins_moore_2009,models/spkr_word_recognition/simplified_IHC1000/arch0_00??,"[-2.749385393694699, -3.3212487789200233, -3.3801100986701402, -3.4364820467176127, -3.1645168064889373, -3.429643545849169, -3.1468235449403514, -3.2325422699943043, -3.0928589696903006, -3.314329519883113]"
3.0,24.0,3692.423583984375,-3.6992256750045707,0.09507289815077667,hopkins_moore_2009,models/spkr_word_recognition/simplified_IHC1000/arch0_00??,"[-3.074325503418976, -3.9802512449681253, -3.848304168804847, -3.961790173396946, -3.685945948090742, -3.930579058916591, -3.637044537487338, -3.480611055020876, -3.4251471854731, -3.9682578744681614]"
3.0,28.0,5760.4599609375,-3.871212539277386,0.09775029348218095,hopkins_moore_2009,models/spkr_word_recognition/simplified_IHC1000/arch0_00??,"[-3.2767342930276553, -4.270956599272145, -4.215987592705751, -4.080195588272837, -4.003923897423557, -4.043633814847957, -3.6242488072434873, -3.647730337796139, -3.834268232631125, -3.714446229553208]"
3.0,32.0,8000.0,-4.097645351873887,0.10582370496807036,hopkins_moore_2009,models/spkr_word_recognition/simplified_IHC1000/arch0_00??,"[-3.331371649026173, -4.326891948845885, -4.284603520134135, -4.350704197657973, -3.986294926099131, -4.548751506077567, -3.920539996711072, -3.969507857516325, -4.086921305348848, -4.170866611321763]"
4.0,0.0,80.0,-0.48021091046350317,0.24143713579081733,hopkins_moore_2009,models/spkr_word_recognition/simplified_IHC1000/arch0_00??,"[1.1123591154837018, -0.6159697711825413, -1.4625130066520775, 0.06294321162466086, -0.7431145082102368, -0.6136265423053694, -0.7350666167954891, 0.045484739237936264, -0.3761187371973114, -1.4764869886383054]"
4.0,4.0,242.87576293945312,-0.7780772954816153,0.23319006678206014,hopkins_moore_2009,models/spkr_word_recognition/simplified_IHC1000/arch0_00??,"[0.6168667754781568, -0.6693258531413522, -1.733755429959695, -0.28882067775193154, -1.5178799667946739, -1.1191005105465175, -1.2313267215507415, 0.08313362113874712, -0.7295497934763878, -1.191014398211758]"
4.0,8.0,491.6507873535156,-1.2274979597063935,0.275147078079558,hopkins_moore_2009,models/spkr_word_recognition/simplified_IHC1000/arch0_00??,"[0.7380428632543574, -1.0855655437158793, -1.9608564341191699, -0.8211584143844658, -1.7358026732184182, -1.7386353074776695, -1.9448027456601618, -0.37560767342479995, -1.4933842913052302, -1.8572093770124978]"
4.0,12.0,871.6275024414062,-2.7715098855712372,0.3634100072623291,hopkins_moore_2009,models/spkr_word_recognition/simplified_IHC1000/arch0_00??,"[-0.3920607412505696, -1.9341115095904313, -3.878537026840738, -2.688562952490392, -3.843412579797089, -3.042430011605566, -3.690986223302636, -1.7629416864273522, -2.622684644914528, -3.859371479493071]"
4.0,16.0,1452.0006103515625,-3.628538980647042,0.37258892561461016,hopkins_moore_2009,models/spkr_word_recognition/simplified_IHC1000/arch0_00??,"[-1.5695458542365721, -2.348893617810977, -4.932579143585701, -3.735449197740924, -4.998354850380907, -3.5837867201412292, -4.987387656493318, -2.6786000062678594, -3.365455126659894, -4.08533763315304]"
4.0,20.0,2338.45751953125,-4.462897880472373,0.3176398550499584,hopkins_moore_2009,models/spkr_word_recognition/simplified_IHC1000/arch0_00??,"[-2.3518710574455226, -3.8117571062345137, -5.547959602092393, -4.316203296777989, -5.543739119875651, -4.414653031399456, -5.428388629672967, -3.7776506223580264, -4.332089234481664, -5.104667104385548]"
4.0,24.0,3692.423583984375,-5.550364615737968,0.31802700450961935,hopkins_moore_2009,models/spkr_word_recognition/simplified_IHC1000/arch0_00??,"[-3.5530652283175157, -4.968405360586511, -6.777630470640621, -5.376635858040968, -6.602365602383488, -5.250062119516545, -6.723024925862212, -4.798347648914832, -5.588358347811616, -5.865750595305373]"
4.0,28.0,5760.4599609375,-6.3434547601858196,0.30059139076955377,hopkins_moore_2009,models/spkr_word_recognition/simplified_IHC1000/arch0_00??,"[-4.589260861476382, -6.175453882228589, -7.080193046562975, -5.928243543620499, -7.396212996748333, -5.833098704496808, -7.605413221465543, -5.35021296246677, -6.577236871462699, -6.899221511329593]"
4.0,32.0,8000.0,-6.506095723138432,0.29949045863362234,hopkins_moore_2009,models/spkr_word_recognition/simplified_IHC1000/arch0_00??,"[-4.775999610699532, -6.226978620963328, -7.513900880236977, -6.021740834680273, -7.3573843886524815, -6.000742177487237, -7.735809239878271, -5.577794215427691, -6.774283494430233, -7.0763237689282965]"
3.0,0.0,80.0,-2.171382870879312,0.12185959405335152,hopkins_moore_2009,models/spkr_word_recognition/simplified_IHC3000/arch0_00??,"[-1.9470357879357545, -2.7866643464499297, -2.058996076885877, -1.5497891645481436, -1.9998356281091882, -2.245413747109101, -1.9963382123494697, -1.9334635723140658, -2.7034007489057603, -2.4928914241858284]"
3.0,4.0,242.87576293945312,-2.1317997405344586,0.0982145221998493,hopkins_moore_2009,models/spkr_word_recognition/simplified_IHC3000/arch0_00??,"[-2.0236335818668616, -2.315880805779092, -1.977806686276858, -1.8317756371878697, -2.242217544379997, -2.2249693949932663, -1.6715167836861673, -1.8699892126862352, -2.633034037142855, -2.527173721345387]"
3.0,8.0,491.6507873535156,-1.9686209154095384,0.10832883112218196,hopkins_moore_2009,models/spkr_word_recognition/simplified_IHC3000/arch0_00??,"[-1.8842617007612608, -2.2392846565368383, -1.7996054484604769, -1.6956261022325523, -1.9646873401639624, -2.0609605769553085, -1.3150145202720027, -1.876762937603478, -2.502281924214794, -2.3477239468947095]"
3.0,12.0,871.6275024414062,-2.024165780903813,0.09277626506346408,hopkins_moore_2009,models/spkr_word_recognition/simplified_IHC3000/arch0_00??,"[-1.9807654788440474, -2.210777435827844, -2.0337692347102982, -1.9557240165378662, -1.7615392343553946, -2.0662906436986885, -1.475197502313449, -1.8834355538910503, -2.4487320751329102, -2.4254266337265826]"
3.0,16.0,1452.0006103515625,-2.3199171794115863,0.09366817567483605,hopkins_moore_2009,models/spkr_word_recognition/simplified_IHC3000/arch0_00??,"[-2.267792971858776, -2.1086651801625917, -2.4965884533666585, -2.0179374958592744, -2.339733134597721, -2.3567639231367283, -1.7632697809266507, -2.4631345168340415, -2.6222179572210766, -2.7630683801523435]"
3.0,20.0,2338.45751953125,-2.9527392197596583,0.11558353381724955,hopkins_moore_2009,models/spkr_word_recognition/simplified_IHC3000/arch0_00??,"[-3.0590201914296475, -2.79492237773292, -2.9539190168257305, -2.6827522342138455, -2.9190352837245843, -3.145948597933304, -2.277780693768989, -2.7392517717798137, -3.5170917379901434, -3.4376702921976037]"
3.0,24.0,3692.423583984375,-3.3311611766688096,0.09650544596558878,hopkins_moore_2009,models/spkr_word_recognition/simplified_IHC3000/arch0_00??,"[-3.37360105592018, -3.3397505243037107, -3.4909149302347537, -3.2309343036901077, -3.04086336615995, -3.3607508917560263, -2.927850807726783, -2.984986841942636, -3.6617358459009064, -3.900223199053041]"
3.0,28.0,5760.4599609375,-3.546465529813144,0.09643105276942569,hopkins_moore_2009,models/spkr_word_recognition/simplified_IHC3000/arch0_00??,"[-3.5761819912078088, -3.7422396004246146, -3.5693961849774536, -3.29602738715602, -3.2413834488263333, -3.7491765777818165, -2.985867269438967, -3.5002949851271934, -3.777527431626831, -4.026560421564399]"
3.0,32.0,8000.0,-3.738648005308435,0.09088873849354666,hopkins_moore_2009,models/spkr_word_recognition/simplified_IHC3000/arch0_00??,"[-3.614262107423428, -3.7278434681009185, -4.015645674202187, -3.5443499803869205, -3.527236740898149, -3.8901302825243222, -3.266317997684909, -3.6176670110156044, -3.9197591774657017, -4.263267613382207]"
4.0,0.0,80.0,-0.6644339022963488,0.24832475222400818,hopkins_moore_2009,models/spkr_word_recognition/simplified_IHC3000/arch0_00??,"[-0.08621057567805941, -2.144749385161632, -0.0014283542429163098, 0.18917451665628324, -0.47621194881243406, -0.31854535178225835, -0.6294290411655177, -0.17069131802833926, -1.6597949256408204, -1.3464526391077942]"
4.0,4.0,242.87576293945312,-1.02309519151092,0.18579079472826582,hopkins_moore_2009,models/spkr_word_recognition/simplified_IHC3000/arch0_00??,"[-1.082893080061426, -1.9170107744084113, -1.045902513647869, -0.35594730072590497, -0.5889711949202371, -0.3898857353144438, -0.8800943115031337, -0.5216779527220767, -1.6413596099417374, -1.807209441863961]"
4.0,8.0,491.6507873535156,-1.6518374216253442,0.19848743430398114,hopkins_moore_2009,models/spkr_word_recognition/simplified_IHC3000/arch0_00??,"[-1.1503893998676606, -2.6819893994656847, -1.8756618519141128, -1.4253535290289239, -1.4767916854547243, -0.8216803562954461, -1.4210183490287343, -1.2067935982707447, -1.7325996996624762, -2.726096347264933]"
4.0,12.0,871.6275024414062,-3.2373180484262165,0.1991856998472339,hopkins_moore_2009,models/spkr_word_recognition/simplified_IHC3000/arch0_00??,"[-3.33032075175763, -3.575414319855378, -3.9445534329781937, -3.2397233916911414, -2.8416291598223604, -2.27787072289796, -3.1405740675847134, -2.5586860343003206, -3.0573842801555347, -4.407024323218935]"
4.0,16.0,1452.0006103515625,-3.8857414073327883,0.17498397667412344,hopkins_moore_2009,models/spkr_word_recognition/simplified_IHC3000/arch0_00??,"[-3.855518974570426, -4.1661656001101965, -4.578992169030376, -4.079018645129018, -3.9980222395530944, -2.7757677685564217, -3.647068733003722, -3.603519903492595, -3.4833438454079833, -4.66999619447405]"
4.0,20.0,2338.45751953125,-4.646215138790874,0.16855889632915722,hopkins_moore_2009,models/spkr_word_recognition/simplified_IHC3000/arch0_00??,"[-4.421829996026846, -4.294889667636696, -5.571189132228424, -4.596946805068804, -4.510517405506691, -3.631667327057976, -4.7916584298100995, -4.574158469338989, -4.761260165157188, -5.308033990077024]"
4.0,24.0,3692.423583984375,-5.754626562565666,0.12918967673077456,hopkins_moore_2009,models/spkr_word_recognition/simplified_IHC3000/arch0_00??,"[-5.878886543692003, -6.111618805650638, -6.201154130317565, -6.0066631275978475, -5.606291447568482, -4.915707125998964, -5.721053408437133, -5.352808581200656, -5.577338020175022, -6.174744435018349]"
4.0,28.0,5760.4599609375,-6.35805811280876,0.17460336113185296,hopkins_moore_2009,models/spkr_word_recognition/simplified_IHC3000/arch0_00??,"[-6.486706071831942, -6.334356588987303, -7.127785691554737, -6.482024019415301, -6.729933416721374, -5.179436836097786, -6.34165811901543, -5.915263342643317, -6.06785153054444, -6.91556551127597]"
4.0,32.0,8000.0,-6.576058064173969,0.2018204484594316,hopkins_moore_2009,models/spkr_word_recognition/simplified_IHC3000/arch0_00??,"[-6.928494726808822, -6.454370429831775, -7.270483010923255, -6.674788106954738, -6.855307471919418, -5.2024433308373625, -6.311365693352987, -6.285264694641991, -6.289233312932637, -7.488829863536706]"
3.0,0.0,80.0,-3.7095175499316952,0.09834284805831472,hopkins_moore_2009,models/word_recognition/IHC0050/arch0_00??,"[-3.2273979511909174, -3.7865352569090525, -3.768014351868529, -3.411435364609291, -4.101174564143086, -4.205365383993502, -3.726640732806771, -3.8825642238605886, -3.4020985476539654, -3.583949122281247]"
3.0,4.0,242.87576293945312,-3.3775460612251926,0.07449371275938492,hopkins_moore_2009,models/word_recognition/IHC0050/arch0_00??,"[-3.173114531173149, -3.5090513123384914, -3.596159940918991, -3.0221435966584327, -3.273219041658137, -3.754654351130602, -3.552458299044578, -3.3768901366383774, -3.0939622608831465, -3.4238071418080223]"
3.0,8.0,491.6507873535156,-3.194632837752411,0.09188884836556568,hopkins_moore_2009,models/word_recognition/IHC0050/arch0_00??,"[-2.7795223185177154, -3.409288003952424, -3.220481662458038, -2.6769531201776156, -3.443701226250775, -3.3484064879825897, -3.2484221200795713, -3.574864957908872, -3.0013814914418715, -3.243306988754638]"
3.0,12.0,871.6275024414062,-2.986120020419034,0.07796916750435005,hopkins_moore_2009,models/word_recognition/IHC0050/arch0_00??,"[-2.561087625265098, -3.068467150047252, -2.9888157549692513, -2.9673172037716617, -3.2334530590911927, -3.4382294150150674, -2.8780803716722736, -2.9981450162363137, -2.702532580716294, -3.0250720274059395]"
3.0,16.0,1452.0006103515625,-3.1842436851543416,0.08320945160344306,hopkins_moore_2009,models/word_recognition/IHC0050/arch0_00??,"[-2.8102937496979603, -3.3829523067681038, -3.2035534014780835, -3.056790958517575, -3.4743683521025446, -3.4943699759818085, -3.3260122522977005, -3.16572272045978, -2.7096672552225174, -3.218705879017344]"
3.0,20.0,2338.45751953125,-3.463597662730076,0.07319710752928354,hopkins_moore_2009,models/word_recognition/IHC0050/arch0_00??,"[-3.018804348103748, -3.609196318902043, -3.438657876523231, -3.233969177947128, -3.7232567732568653, -3.7352896356645036, -3.5244732778827403, -3.644099358536497, -3.2896433387779442, -3.418586521706065]"
3.0,24.0,3692.423583984375,-3.5709697330299406,0.0824224772522052,hopkins_moore_2009,models/word_recognition/IHC0050/arch0_00??,"[-3.2590615000062733, -3.721549177671922, -3.7238892073538694, -3.1575245810526256, -3.7321456201695025, -3.883683767176945, -3.4770724731904115, -3.869428387722053, -3.296817469629273, -3.588525146326529]"
3.0,28.0,5760.4599609375,-3.653705119092159,0.08031493773902926,hopkins_moore_2009,models/word_recognition/IHC0050/arch0_00??,"[-3.161255280493575, -3.7605920141592426, -3.6413907394395233, -3.523907621963264, -3.9972193048050215, -3.9244439133034605, -3.5307975457542997, -3.673343828454589, -3.435466476572681, -3.8886344659759335]"
3.0,32.0,8000.0,-3.830172138262223,0.08889122038415177,hopkins_moore_2009,models/word_recognition/IHC0050/arch0_00??,"[-3.30428244282669, -4.042095228633404, -3.935461753815593, -3.6291935490887743, -4.148552272315619, -4.1051391378087665, -3.8694943422139674, -3.959500626141945, -3.452902323252575, -3.8550997065249004]"
4.0,0.0,80.0,-3.808666719049713,0.19787395175467154,hopkins_moore_2009,models/word_recognition/IHC0050/arch0_00??,"[-3.475057329258394, -3.9817695983488055, -4.998245025942665, -2.6358278045446464, -3.6066728821606486, -4.223864227003132, -3.9274537850235065, -4.141056517841111, -3.3047839649859174, -3.791936055388307]"
4.0,4.0,242.87576293945312,-3.486130757150294,0.17552423383662238,hopkins_moore_2009,models/word_recognition/IHC0050/arch0_00??,"[-3.2796010697246194, -3.808680862520092, -4.293224633164958, -2.231972869044902, -3.542253797672264, -3.9537045804910407, -3.4709004253949285, -3.700562764792575, -3.1213554083777395, -3.4590511603198224]"
4.0,8.0,491.6507873535156,-3.3628129304305503,0.1814487849614613,hopkins_moore_2009,models/word_recognition/IHC0050/arch0_00??,"[-3.2840317176306293, -3.389633252378964, -4.253422236769157, -2.2431699934780287, -3.2522511353235357, -4.075127767265253, -3.4242947350423965, -3.602258746430617, -2.791738221345318, -3.3122014986416004]"
4.0,12.0,871.6275024414062,-3.6069507590244485,0.19074989843329815,hopkins_moore_2009,models/word_recognition/IHC0050/arch0_00??,"[-3.614961213997898, -3.547157591691348, -4.445563547707785, -2.4706218925837042, -3.556699650787642, -4.398350168864494, -3.558609422718026, -3.9856446560138594, -2.8985915525202937, -3.593307893359438]"
4.0,16.0,1452.0006103515625,-3.5619133422405134,0.19618039830175496,hopkins_moore_2009,models/word_recognition/IHC0050/arch0_00??,"[-3.470980955803452, -3.5485194114746643, -4.525245241747616, -2.2688680204084517, -3.5204825738298795, -4.057251604991884, -3.7352278933025427, -3.996652578005047, -2.9380095438061216, -3.5578955990354766]"
4.0,20.0,2338.45751953125,-3.6511806330177037,0.21085325500394278,hopkins_moore_2009,models/word_recognition/IHC0050/arch0_00??,"[-3.573901675899853, -3.765409345994316, -4.591368735324005, -2.467749815713188, -3.309589302976612, -4.4425748788059, -3.9961987437150714, -4.056475302847207, -2.856189083607898, -3.452349445292987]"
4.0,24.0,3692.423583984375,-3.700108022684751,0.1972991977714417,hopkins_moore_2009,models/word_recognition/IHC0050/arch0_00??,"[-3.6054158288149782, -3.891812514701994, -4.600923134753459, -2.476566044883034, -3.4916847288290525, -4.388630165122956, -3.9299738349854514, -3.8381536965065934, -2.9610795321580685, -3.8168407460919256]"
4.0,28.0,5760.4599609375,-4.068850422684926,0.20275145382758897,hopkins_moore_2009,models/word_recognition/IHC0050/arch0_00??,"[-3.905870910685474, -4.156709682018905, -4.922638910396139, -2.7971885717436407, -4.0275634278573875, -4.870134964679116, -4.130467940920439, -4.319365927608295, -3.309517434771373, -4.249046456168482]"
4.0,32.0,8000.0,-4.30876636314588,0.1772083570197485,hopkins_moore_2009,models/word_recognition/IHC0050/arch0_00??,"[-4.476855588793923, -4.140011842563208, -5.082775390462878, -3.226346654375896, -4.148174000889873, -4.8619537633323, -4.62526853212395, -4.537252465315266, -3.5963285538000145, -4.392696839801489]"
3.0,0.0,80.0,-3.306267213635381,0.07656585199040702,hopkins_moore_2009,models/word_recognition/IHC0320/arch0_00??,"[-3.051680396923153, -3.490701011769231, -3.33025251528529, -3.5882573651517484, -2.809624721511053, -3.4355113809929625, -3.2364125547335685, -3.5227876446269333, -3.1693908836983686, -3.4280536616615]"
3.0,4.0,242.87576293945312,-2.9671246286679906,0.06248939945902502,hopkins_moore_2009,models/word_recognition/IHC0320/arch0_00??,"[-2.9493765523249653, -3.000683240802996, -2.8253076285194294, -3.4336838031116677, -2.843460718938796, -2.7722256838805714, -2.9041975465169325, -3.0736422769251583, -2.7903240528975624, -3.0783447827618287]"
3.0,8.0,491.6507873535156,-2.6703291370801785,0.05157587600151955,hopkins_moore_2009,models/word_recognition/IHC0320/arch0_00??,"[-2.586413033307829, -2.788665541306578, -3.0259280525109578, -2.543874607547284, -2.4508134039280547, -2.766395737460962, -2.552592654428413, -2.7120129756316125, -2.6176550540249854, -2.658940310655109]"
3.0,12.0,871.6275024414062,-2.764213836011413,0.05937296924964704,hopkins_moore_2009,models/word_recognition/IHC0320/arch0_00??,"[-2.5620563973757697, -2.896159361452515, -2.848292138566251, -2.887890094440582, -2.3714104706058787, -3.0069253205539477, -2.7954503248184555, -2.777561630595529, -2.8524816663852217, -2.6439109553199778]"
3.0,16.0,1452.0006103515625,-3.0408900215546053,0.07803044067975667,hopkins_moore_2009,models/word_recognition/IHC0320/arch0_00??,"[-2.785089201283176, -3.010075405699753, -3.215354836955466, -3.4446643820524274, -2.7355219866042635, -3.0500647040595594, -2.7436710464913974, -3.3625207682272453, -3.068492539887497, -2.993445344285271]"
3.0,20.0,2338.45751953125,-3.5839877262922735,0.06459993444513906,hopkins_moore_2009,models/word_recognition/IHC0320/arch0_00??,"[-3.4230820714276, -3.4784772160554605, -3.7096366133903484, -3.8488589002446725, -3.338600960929775, -3.628172624014512, -3.2805043678603774, -3.83647634370727, -3.762909376933669, -3.5331587883590485]"
3.0,24.0,3692.423583984375,-3.8568485103614107,0.06451759246875081,hopkins_moore_2009,models/word_recognition/IHC0320/arch0_00??,"[-3.57629049635572, -3.832350984311508, -3.8624373112483883, -3.9471837037336757, -3.4421348226045816, -3.978080055913078, -3.8335497296330403, -4.084577608280689, -3.9636459906781876, -4.048234400855243]"
3.0,28.0,5760.4599609375,-3.953282427197587,0.07241250104287551,hopkins_moore_2009,models/word_recognition/IHC0320/arch0_00??,"[-3.7436120307906937, -3.9263282191477042, -3.835410661834503, -4.261221071902917, -3.5691936794429333, -3.864826436247865, -3.8774113875293774, -3.9958967090973676, -4.268460667561592, -4.190463408420913]"
3.0,32.0,8000.0,-4.071027958247108,0.04497865617263614,hopkins_moore_2009,models/word_recognition/IHC0320/arch0_00??,"[-3.768956242213801, -4.133000615600612, -3.966675351492184, -4.187296746821266, -4.016698344345182, -4.074947290482307, -3.9836836278672436, -4.1358387933741465, -4.256563781896539, -4.186618788377797]"
4.0,0.0,80.0,-3.2267792314472112,0.20020601643753375,hopkins_moore_2009,models/word_recognition/IHC0320/arch0_00??,"[-2.246995804146511, -3.698133909243247, -3.8000777769437395, -3.2345269669794745, -2.5122902491955994, -2.5078518564333665, -3.5611006546433015, -3.9792128042868913, -2.943259719633195, -3.784342572966787]"
4.0,4.0,242.87576293945312,-3.186014407679545,0.20403445569011466,hopkins_moore_2009,models/word_recognition/IHC0320/arch0_00??,"[-2.1459101841122186, -3.9110156752312455, -3.5242433687253634, -3.1937533157677365, -2.660557803407301, -2.3809987148615286, -3.207116911662686, -4.1577541377342655, -3.106081521027481, -3.5727124442656235]"
4.0,8.0,491.6507873535156,-3.346353795028873,0.1586844597537318,hopkins_moore_2009,models/word_recognition/IHC0320/arch0_00??,"[-2.7419776272433665, -3.9531603158491655, -3.4284459406091816, -3.3317266214596764, -2.8422382699419293, -2.8174639748919863, -3.168043405673597, -4.1076078145576265, -3.1437488218448344, -3.9291251582173703]"
4.0,12.0,871.6275024414062,-4.117099903620211,0.15908909506814953,hopkins_moore_2009,models/word_recognition/IHC0320/arch0_00??,"[-3.3342635945869046, -4.272815344928554, -4.607187332951807, -4.085907239452073, -4.07356635583934, -3.300566179417532, -4.206519804314234, -4.858127541837319, -3.9382728438931065, -4.493772798981243]"
4.0,16.0,1452.0006103515625,-4.3943408272680395,0.18398746209984235,hopkins_moore_2009,models/word_recognition/IHC0320/arch0_00??,"[-3.4860778614473276, -4.595458974974842, -5.204599938870269, -4.471969497639337, -4.013858089578886, -3.7266261393956683, -4.871552069456845, -5.128176239900425, -3.9958226564552866, -4.449266804961505]"
4.0,20.0,2338.45751953125,-4.923194231198804,0.17305500148088548,hopkins_moore_2009,models/word_recognition/IHC0320/arch0_00??,"[-4.162971955711536, -5.360635471985969, -5.625457480550991, -4.834538786089714, -4.543209366648045, -4.309769690426111, -5.131590624855384, -5.762974373556336, -4.531375214937383, -4.969419347226566]"
4.0,24.0,3692.423583984375,-5.577368927029411,0.16100785971005946,hopkins_moore_2009,models/word_recognition/IHC0320/arch0_00??,"[-4.871147120755194, -5.677688742730527, -6.156075876430861, -5.497752818433489, -5.376118593029334, -4.920666942523374, -6.215525952289333, -6.2201044788069195, -5.153802359148824, -5.684806386146261]"
4.0,28.0,5760.4599609375,-5.861492925316562,0.17966321205598848,hopkins_moore_2009,models/word_recognition/IHC0320/arch0_00??,"[-4.927731699125912, -6.0049189604208655, -6.4137709608905675, -5.78281310570784, -5.625754405285623, -4.962946732882744, -6.515411120323171, -6.454716126835272, -6.10154790061692, -5.825318241076706]"
4.0,32.0,8000.0,-6.1413201658967385,0.1789518182880283,hopkins_moore_2009,models/word_recognition/IHC0320/arch0_00??,"[-5.199484884141439, -6.332032154039509, -6.482552020167805, -6.277470519612766, -5.642151818579178, -5.314402142753131, -6.806688477360666, -6.755764314360625, -6.399595360290622, -6.203059967661645]"
3.0,0.0,80.0,-3.0755444112393517,0.08548238776860806,hopkins_moore_2009,models/word_recognition/IHC1000/arch0_00??,"[-2.786071362986346, -3.2423427266795772, -2.810401509419106, -2.8357473078327007, -2.949049166703166, -3.4530064266740097, -2.8570035804635996, -3.117701970141179, -3.182805794978225, -3.5213142665156116]"
3.0,4.0,242.87576293945312,-2.769265395072956,0.09038696238825814,hopkins_moore_2009,models/word_recognition/IHC1000/arch0_00??,"[-2.3683301146937934, -2.9846885008537942, -2.7044349827381975, -2.534290364051298, -2.618492128259251, -3.1518653306675555, -2.491579429864146, -2.6834194656647554, -2.9665183258242998, -3.189035308112471]"
3.0,8.0,491.6507873535156,-2.5477773445777068,0.09754823532490536,hopkins_moore_2009,models/word_recognition/IHC1000/arch0_00??,"[-2.296814076034649, -2.323170674980225, -2.4477258095018373, -2.300076459247115, -2.6314136220326563, -3.234552906050162, -2.2696348400024475, -2.4298160916997102, -2.793162265782515, -2.751406700445749]"
3.0,12.0,871.6275024414062,-2.7703374743564675,0.101756023479028,hopkins_moore_2009,models/word_recognition/IHC1000/arch0_00??,"[-2.286704987968348, -2.7517000223590835, -2.7683755851949052, -2.5652817507649814, -2.611258062982382, -3.457265668869377, -2.5652053157191417, -2.7295670436034647, -2.8759383583554046, -3.0920779477475886]"
3.0,16.0,1452.0006103515625,-3.0876449511969613,0.08096922824055909,hopkins_moore_2009,models/word_recognition/IHC1000/arch0_00??,"[-2.7722451788689044, -3.0493661046693865, -3.0446634453566923, -3.097693317129316, -3.060150590853062, -3.459308996622809, -2.6748765216022217, -2.9904684230262655, -3.274748921730537, -3.4529280121104184]"
3.0,20.0,2338.45751953125,-3.6013954029607085,0.10831264428109912,hopkins_moore_2009,models/word_recognition/IHC1000/arch0_00??,"[-3.2166812982396276, -3.363550612761311, -3.498979554795841, -3.773171566424363, -3.5373971442063676, -4.0806136158138235, -3.2352504946478797, -3.363182600674801, -3.736777083446978, -4.2083500585960945]"
3.0,24.0,3692.423583984375,-3.8542702185902322,0.09278103868875844,hopkins_moore_2009,models/word_recognition/IHC1000/arch0_00??,"[-3.650105757699447, -3.6387136004023755, -3.8425111801147507, -3.801042777717593, -3.6199486279957847, -4.297998853747322, -3.538311542073408, -3.7041536533963813, -4.093344835142843, -4.356571357612418]"
3.0,28.0,5760.4599609375,-4.111523994626948,0.0731248983932096,hopkins_moore_2009,models/word_recognition/IHC1000/arch0_00??,"[-3.8285502654148296, -3.9823475534249746, -3.935704297697198, -4.166355521741915, -3.986483079592109, -4.370125980364669, -3.9218491717313975, -4.06026040202565, -4.321491449832245, -4.5420722244444915]"
3.0,32.0,8000.0,-4.170250790008583,0.08414458592144453,hopkins_moore_2009,models/word_recognition/IHC1000/arch0_00??,"[-3.71042525047721, -4.133989654598581, -4.066284412476459, -4.106653577075183, -4.295749764548222, -4.5777679455932745, -3.881557503674325, -4.115603942335471, -4.527952237139158, -4.28652361216795]"
4.0,0.0,80.0,-2.847190483055512,0.22067591503738804,hopkins_moore_2009,models/word_recognition/IHC1000/arch0_00??,"[-1.9652658164567671, -4.23516392753503, -2.43834989225002, -1.8955238015505342, -2.663635618467905, -3.1373371349780994, -3.0543913226444435, -2.7582653636333707, -3.5075406851646753, -2.8164312678742713]"
4.0,4.0,242.87576293945312,-2.7372547715598046,0.22610794078911284,hopkins_moore_2009,models/word_recognition/IHC1000/arch0_00??,"[-1.9696634409467653, -4.169341061468643, -2.501154370074693, -1.5826174096517736, -2.598113001004194, -2.790014282120065, -3.076476524980822, -2.7312990550537517, -3.3769906842653525, -2.5768778860319843]"
4.0,8.0,491.6507873535156,-3.0532044658636788,0.2099178471844016,hopkins_moore_2009,models/word_recognition/IHC1000/arch0_00??,"[-2.1175681066059204, -4.445161681585598, -3.025317928580414, -2.3398395236782243, -2.8895377178705726, -3.1634948725455874, -3.2227156999860602, -2.8091199836946124, -3.723740811044603, -2.7955483330451956]"
4.0,12.0,871.6275024414062,-4.3293673129611046,0.18166703389862884,hopkins_moore_2009,models/word_recognition/IHC1000/arch0_00??,"[-3.7034470928665573, -5.49183043329141, -4.229459184761187, -3.759975447571214, -4.318697295030727, -4.162003214690185, -4.221937437581742, -3.9084156841846034, -5.151449126752826, -4.346458212880593]"
4.0,16.0,1452.0006103515625,-4.746341448160374,0.154235584668097,hopkins_moore_2009,models/word_recognition/IHC1000/arch0_00??,"[-4.169822327689438, -5.729482932321181, -5.123757949015028, -4.298595630832651, -4.379555407514621, -4.514998431588807, -4.654726234529877, -4.632484917223651, -5.280426581424243, -4.679564069464248]"
4.0,20.0,2338.45751953125,-5.4347969485799,0.17600554121573098,hopkins_moore_2009,models/word_recognition/IHC1000/arch0_00??,"[-4.631919387537896, -6.548000499443437, -5.8992777888406565, -5.041760224496828, -5.514476267332405, -5.041683881693054, -5.155237785374013, -5.330214832874464, -5.934837474378063, -5.250561343828188]"
4.0,24.0,3692.423583984375,-6.077357190339863,0.18101529668778804,hopkins_moore_2009,models/word_recognition/IHC1000/arch0_00??,"[-5.424683644492354, -7.012364602102722, -6.247197045253643, -5.809630485137682, -6.159225351938564, -5.641625059716112, -5.48504863495503, -5.789173174663414, -7.030473290537336, -6.174150614601773]"
4.0,28.0,5760.4599609375,-6.575913990858906,0.17884713314507072,hopkins_moore_2009,models/word_recognition/IHC1000/arch0_00??,"[-6.0833277168349795, -7.466209778090509, -6.576437059550758, -6.036717882263222, -6.701606183235208, -6.134703415879221, -5.98850217664358, -6.411209960629933, -7.526454523879579, -6.833971211582067]"
4.0,32.0,8000.0,-6.734107854838537,0.162892862927709,hopkins_moore_2009,models/word_recognition/IHC1000/arch0_00??,"[-6.181806278879399, -7.519574422374737, -6.733776990682411, -6.527592105633018, -6.939153572948857, -6.383457796017704, -6.223238484524276, -6.616934350535382, -7.701260882549702, -6.514283664239879]"
3.0,0.0,80.0,-3.0659160088729838,0.08742553938037886,hopkins_moore_2009,models/word_recognition/IHC3000/arch0_00??,"[-2.781098807483203, -3.589885713838766, -3.010661477507652, -2.893800902620133, -2.77726388809422, -3.3478116393500015, -3.02923139832129, -3.3749019552090256, -2.8999585412057063, -2.954545765099839]"
3.0,4.0,242.87576293945312,-2.7296839783793483,0.1197634696402648,hopkins_moore_2009,models/word_recognition/IHC3000/arch0_00??,"[-2.66621063628934, -3.6097296194160107, -2.7788904727994153, -2.3483114323170975, -2.4390667405068056, -2.859738068910146, -2.335635947152571, -2.9121792535999242, -2.488788835493151, -2.8582887773090215]"
3.0,8.0,491.6507873535156,-2.5518899437162443,0.06750059687809659,hopkins_moore_2009,models/word_recognition/IHC3000/arch0_00??,"[-2.4350666581538616, -2.998089673728489, -2.4840484426684792, -2.4031824737263836, -2.645706908640581, -2.6266743466407805, -2.258329942559952, -2.699545661531582, -2.3443885791670183, -2.6238667503453157]"
3.0,12.0,871.6275024414062,-2.7808833445456065,0.08418793218057574,hopkins_moore_2009,models/word_recognition/IHC3000/arch0_00??,"[-2.6785761101125085, -3.2404199898729207, -2.708155018970701, -2.5487308412483003, -2.917357049413206, -2.7198018316482515, -2.4059794887512136, -3.1088153526832722, -2.536354711277369, -2.9446430514783204]"
3.0,16.0,1452.0006103515625,-2.9669415231325815,0.07028998130190646,hopkins_moore_2009,models/word_recognition/IHC3000/arch0_00??,"[-3.087640082882152, -3.2959429145117087, -2.7380284223353275, -2.8745164888027106, -2.9143700302284157, -2.911552129788751, -2.7285312214936135, -3.230495206992422, -2.691445432046167, -3.1968933022445465]"
3.0,20.0,2338.45751953125,-3.526009596508627,0.07183433972599618,hopkins_moore_2009,models/word_recognition/IHC3000/arch0_00??,"[-3.7358769101562106, -3.8016645067236037, -3.5586188055537096, -3.666593424858258, -3.2990083173983713, -3.5176004450500753, -3.366601470261022, -3.4430079435662018, -3.101424081974972, -3.7697000595438457]"
3.0,24.0,3692.423583984375,-3.900055312918262,0.041745236992657385,hopkins_moore_2009,models/word_recognition/IHC3000/arch0_00??,"[-3.868273061203012, -4.095961552133253, -3.8493239140030338, -4.1152707445645165, -3.836875502851327, -3.753517033768784, -3.801434175542864, -4.009041544364571, -3.7543833795115646, -3.916472221239695]"
3.0,28.0,5760.4599609375,-4.048564816784667,0.06609643390858569,hopkins_moore_2009,models/word_recognition/IHC3000/arch0_00??,"[-4.069108918791205, -4.390046270437331, -4.166924374379367, -4.1058568277202525, -3.8522561966163456, -4.039157061935608, -3.909858829352848, -4.16070202819491, -3.6296061261806027, -4.162131534238203]"
3.0,32.0,8000.0,-4.194265755733907,0.045084721723285384,hopkins_moore_2009,models/word_recognition/IHC3000/arch0_00??,"[-4.342918614945597, -4.327519982845081, -4.022874306785053, -4.324913203746098, -4.000173721652038, -4.331334148580413, -3.9955990595798516, -4.216538336275514, -4.1807815139443605, -4.20000466898506]"
4.0,0.0,80.0,-2.5543316331223953,0.1334370302885359,hopkins_moore_2009,models/word_recognition/IHC3000/arch0_00??,"[-2.648549805857114, -2.5522297826329656, -2.54811921115217, -2.1738263684730583, -2.4623055705553996, -1.8842814661137708, -2.1908190905860128, -2.841158614238785, -3.3805148804417664, -2.8615115411729106]"
4.0,4.0,242.87576293945312,-2.5003165168220547,0.15544850166299595,hopkins_moore_2009,models/word_recognition/IHC3000/arch0_00??,"[-2.6346308128162916, -2.2180846840445114, -2.433895898099282, -2.303376907347117, -2.17109223172806, -1.8577270422168546, -2.094557983518586, -2.868504902127415, -3.5294238603110637, -2.8918708460113662]"
4.0,8.0,491.6507873535156,-2.788778363883729,0.15519441783215826,hopkins_moore_2009,models/word_recognition/IHC3000/arch0_00??,"[-2.968437527516518, -2.0722969882938354, -2.8132327254837173, -2.5491457201252525, -2.4011652279706706, -2.2049611422150237, -2.8155813913138665, -3.1887467005363597, -3.6263042829951084, -3.24791193238694]"
4.0,12.0,871.6275024414062,-3.964771466310444,0.20084432970357752,hopkins_moore_2009,models/word_recognition/IHC3000/arch0_00??,"[-4.273476378572551, -2.831894539552809, -3.9196647965217744, -4.01396784613636, -3.773111809976468, -3.212971324283899, -4.1467133764932615, -3.868962239467811, -5.116706088303529, -4.49024626379598]"
4.0,16.0,1452.0006103515625,-4.46340138514406,0.18023351163913506,hopkins_moore_2009,models/word_recognition/IHC3000/arch0_00??,"[-4.713937255578661, -3.0968656082640704, -4.771910819623642, -4.562916198071564, -4.086428961211857, -4.226428520431355, -4.5497472040839, -4.629324561338336, -5.201909793060433, -4.794544929776782]"
4.0,20.0,2338.45751953125,-5.1556950185510955,0.21249685915209005,hopkins_moore_2009,models/word_recognition/IHC3000/arch0_00??,"[-5.5573173558189675, -3.7679039677210806, -5.9902247556767865, -5.089324682013893, -4.651265056143891, -5.184186127030914, -5.224447093307628, -4.912447019773414, -6.128237424356158, -5.051596703668228]"
4.0,24.0,3692.423583984375,-6.023341548392987,0.2291903114761991,hopkins_moore_2009,models/word_recognition/IHC3000/arch0_00??,"[-5.878194643285096, -4.7253737545480625, -6.904823820387896, -5.884516079605955, -5.6379001676424965, -5.974080566378863, -5.969849368259705, -5.849172373844779, -7.450619964699328, -5.958884745277696]"
4.0,28.0,5760.4599609375,-6.480539216065398,0.18592691801063235,hopkins_moore_2009,models/word_recognition/IHC3000/arch0_00??,"[-6.412336153036528, -5.3211222854181, -6.905420083396621, -6.732338013069405, -6.367369555677587, -6.166311601514634, -6.445845612122829, -6.505676556591206, -7.651619441249613, -6.297352858577458]"
4.0,32.0,8000.0,-6.67210418888174,0.22977626172570412,hopkins_moore_2009,models/word_recognition/IHC3000/arch0_00??,"[-6.903096119270174, -5.327239953315894, -7.288523201705461, -6.723406669467342, -6.169481996608106, -6.5088413104083855, -6.599698739194951, -6.483394917122088, -8.147416280995412, -6.569942700729588]"
