azim_ref,log_maa_list,log_maa_mean,log_maa_sem,maa_list,maa_mean,maa_sem,tag_model
0,"[0.18744149086741144, 0.01079212495992114, -0.09331451975916617]",0.03497303202272214,0.08194413051081938,"[1.206159676, 1.01085057, 0.910906957]",1.0426390676666666,0.08670144838688496,human
30,"[0.5299567850911084, 0.5404360953522632, 0.47755589024427986]",0.5159829235625505,0.019450206966508066,"[1.698858891, 1.716755368, 1.612129362]",1.6759145403333333,0.03230832041190133,human
45,"[0.9169048760490089, 0.7941813800433183, 0.6551741140917519]",0.7887534567280263,0.07560389033711407,"[2.501535832, 2.212628953, 1.925477741]",2.213214175333333,0.1662939043937225,human
60,"[1.2816387414089758, 1.1810947138092187, 1.2577692015161548]",1.240167552244783,0.03032951760413974,"[3.60253852, 3.257938762, 3.517565748]",3.459347676666667,0.1036488562016716,human
75,"[1.8842338291661416, 2.0215727475795675, 2.1014144895765097]",2.002407022107406,0.0634227971335402,"[6.581310102, 7.550190144, 8.177729048]",7.436409764666666,0.46434464349513277,human
0,"[-0.4094277860445011, -0.3714619566598139, -0.11534505946403863, 0.0355033828724444, 0.6824637368236456, 0.9175565743402408, -0.7325671715545482, 0.04700010577808452, -0.05312829926912629, -0.16075049944573305]",-0.016015697262334583,0.1560914573010593,"[0.7036288197709709, 0.7120302694383508, 0.9183688433394628, 1.2407254177290108, 2.4778488981275433, 5.099918934784212, 0.5197922668484897, 1.2589517230514138, 1.099449900974012, 0.8693488871588652]",1.4900063961222332,0.43655596850933015,models/sound_localization/IHC3000_delayed_integration/arch??
5,"[-0.4020723602240081, -0.3656540545035985, -0.08718008504727394, 0.007856633840707025, 0.694980311164835, 0.698539026290219, -0.7125175513733583, 0.022099642830196855, -0.061835760138672834, -0.1733355871395458]",-0.03791197843004995,0.1414860389522931,"[0.6991800451194873, 0.7158791183422023, 0.952000489338848, 1.2055287114805344, 2.5144102852853036, 3.2240927250420075, 0.5281389988157413, 1.2195392789797295, 1.089961783849647, 0.8612378710307907]",1.3009969307284293,0.27584208675015603,models/sound_localization/IHC3000_delayed_integration/arch??
10,"[-0.30183129068563924, -0.2703176024020077, 0.0012661171035014268, -0.028773001122552672, 0.6653748939064159, 0.39174059824659807, -0.6441379351533837, 0.021306133713416258, -0.053341271416273456, -0.16614119321923565]",-0.03848545510291607,0.1150937870811034,"[0.7600794019088015, 0.781250150320346, 1.0475343668568804, 1.1315926103342053, 2.5036139137304336, 1.8782992441412218, 0.5584284425695587, 1.185708496117723, 1.1112802174330119, 0.8712663434010678]",1.182905318681325,0.1850266964536352,models/sound_localization/IHC3000_delayed_integration/arch??
15,"[-0.12057304293119468, -0.16453188188623272, 0.11149745445070842, 0.023303537695108373, 0.73391302635704, 0.1850431172950232, -0.5657093721150472, -0.010561642224796561, -0.049379885706171654, -0.1498825550863425]",-0.0006881244151905386,0.10394922274501571,"[0.910698849900673, 0.8638172887899883, 1.1598808526654791, 1.1718910736511372, 2.666552930831027, 1.358760071127773, 0.5969326181399444, 1.114426027024799, 1.1233034551202867, 0.8833435004565539]",1.1849606667707662,0.17795133363354992,models/sound_localization/IHC3000_delayed_integration/arch??
20,"[0.17808101083515812, -0.13903921923548848, 0.1770386530644659, 0.2024031376644829, 0.8844517589795503, 0.1890720970744768, -0.4441181056228029, -0.021100547796961286, -0.02164924152288143, -0.1121021382752959]",0.0893037405164704,0.10915471999753136,"[1.262342580021398, 0.8869627811864781, 1.2157121685565655, 1.5108357597362903, 3.16866075847334, 1.3982386897262709, 0.6677177869654498, 1.0780950006882593, 1.1851355130152461, 0.9139653560920203]",1.328766639446132,0.21929386369262513,models/sound_localization/IHC3000_delayed_integration/arch??
25,"[0.4691308055842692, -0.06354192351580347, 0.24803079080153814, 0.3551604267745106, 1.049505668399622, 0.24350903786152012, -0.29898889541093926, 0.048706517872258714, 0.06130789217997634, -0.03157810126674852]",0.20812422192802038,0.11718474925905689,"[1.7075233984519942, 0.9558187820524329, 1.2961922926460738, 1.7914228671764658, 3.768062668816679, 1.4707589707044315, 0.7698136215288671, 1.1780015011991416, 1.2738158314064683, 0.989174106627805]",1.5200584040610359,0.26988807333778125,models/sound_localization/IHC3000_delayed_integration/arch??
30,"[0.729702731186079, 0.01079711318691781, 0.38684949815964215, 0.3609932739829887, 1.1811067199385759, 0.3579644142721958, -0.13027055328895884, 0.24143133921233714, 0.17509266948308802, 0.04192521984054453]",0.335559242597341,0.12098565388134386,"[2.2128493560746127, 1.0371831932305986, 1.493056474137484, 1.585905851527133, 4.325220507806727, 1.6316970270991502, 0.92281897448464, 1.4853664988976476, 1.379126371878539, 1.0672636155454422]",1.7140487870681977,0.3128018739138692,models/sound_localization/IHC3000_delayed_integration/arch??
35,"[0.8882260333269816, 0.07150793362403172, 0.48690590782107046, 0.22070513144208606, 1.128771436596959, 0.44966172513790764, 0.045050019363757667, 0.40563404890882215, 0.31236107068062136, 0.14962483843085583]",0.4158448145333094,0.11122669698446568,"[2.6283884158569353, 1.1108272652991427, 1.6542365370163603, 1.3090923417745435, 3.9243962972518336, 1.7860769437202417, 1.112139860067482, 1.748473731273729, 1.5316511646649162, 1.195833126490731]",1.8001115683415914,0.2758726021105762,models/sound_localization/IHC3000_delayed_integration/arch??
40,"[1.0133761008727615, 0.15574733107104768, 0.616110647484095, 0.14953399037140214, 1.1155308714337584, 0.49392611836032496, 0.13061100038908013, 0.5331072124876673, 0.4273474184808233, 0.27699745643237733]",0.4912288147383338,0.11000362058610791,"[3.0250714861925183, 1.2198825893653085, 1.9049981053525211, 1.1949000913125947, 3.666500395660252, 1.884659758678305, 1.2191987047587824, 1.995698578363619, 1.6740136308973745, 1.367978150653758]",1.9152901491235035,0.2614218216802183,models/sound_localization/IHC3000_delayed_integration/arch??
45,"[1.289722838065695, 0.20376812175147974, 0.7735202852803514, 0.16400535003811162, 1.1236514251157146, 0.6144379354739464, 0.198456317546549, 0.5736722754139142, 0.4597795627340806, 0.4208646896587404]",0.5821878801078583,0.12192193222546245,"[4.495026550747409, 1.2834118999675737, 2.2648925373195774, 1.2163647127480834, 3.4971375939191542, 2.2669157666383692, 1.322488585583174, 1.996538109211938, 1.6932850722366135, 1.5888591603371562]",2.162491998870905,0.33654587530671454,models/sound_localization/IHC3000_delayed_integration/arch??
50,"[1.8001778016705927, 0.24725311946171136, 0.891272936407239, 0.30003085879565566, 1.2453061501116507, 0.7313591830828754, 0.3283954932119204, 0.6096951787923128, 0.5089969566496958, 0.5224961478399193]",0.7184983826023573,0.15351751719327855,"[18.79402305791294, 1.3428927400495159, 2.5419947820895348, 1.4246998743180803, 4.016160955936384, 2.559422658395858, 1.517911479122543, 2.0497855764153066, 1.7344035968676577, 1.7322804016630073]",3.7713575122770826,1.6881074759276333,models/sound_localization/IHC3000_delayed_integration/arch??
55,"[1.9344366727332094, 0.3083590377836413, 1.0284551619274982, 0.6108703019047858, 1.4530443296438647, 0.9536841857823045, 0.5042214945456044, 0.7095543948266414, 0.5004860228437501, 0.6339883807188622]",0.8637099982710161,0.15772863836908435,"[19.489803462942046, 1.4343121341544751, 2.9861109156627315, 2.304212312665389, 5.578794197149652, 3.1562249149203185, 1.771533316829106, 2.2759891829055907, 1.6924806551404028, 1.9599310669281624]",4.264939215929788,1.7331661969586163,models/sound_localization/IHC3000_delayed_integration/arch??
60,"[2.2332627698895395, 0.49236598390531433, 1.3557166022105187, 1.2866354140814515, 1.792209632890203, 1.3670050798010607, 0.7921618342729849, 0.9080545394594405, 0.6352893209243294, 0.8022063547315458]",1.1664907532166389,0.17308339396405492,"[21.169237378746104, 1.756591772423753, 5.244809984488084, 16.641534125627803, 11.37485326583039, 6.424556988520397, 2.3670889112881297, 2.887285505325894, 2.0257304030102508, 2.4410386007031093]",7.233272693596392,2.178512685853269,models/sound_localization/IHC3000_delayed_integration/arch??
65,"[2.5327619011021896, 0.765773791059889, 1.897329712532277, 1.6371196996914648, 2.1441596745153713, 1.9512407883472986, 1.1306152324579821, 1.2920147554609331, 0.8507368294489193, 1.079139415288323]",1.5280891799904648,0.18771719753743785,"[17.497615333476258, 2.399723333624404, 18.615564889438144, 17.531713534323206, 20.108580517023242, 20.207282248241903, 3.336258021617477, 4.611369347436843, 2.7086813989621206, 3.350494739242373]",11.036728336338596,2.606357840552993,models/sound_localization/IHC3000_delayed_integration/arch??
70,"[3.5117575187630403, 1.1768572033470546, 2.4447517582058436, 2.3103649676845226, 2.5202591229261735, 2.589045969645667, 1.4937440756688012, 2.1323759024716726, 1.2223048818789035, 1.4950577680441441]",2.0896519168635823,0.23399834379801737,"[52.14584631739044, 3.681334634072364, 23.92314141837726, 22.780440981824473, 23.48405939448989, 30.848162288780973, 4.978560249048527, 20.902836199573088, 4.122008413655564, 5.118354377524152]",19.198474427473673,4.883311474975013,models/sound_localization/IHC3000_delayed_integration/arch??
75,"[4.002651235676938, 1.8310511234909785, 3.1711924930490074, 3.0255844626691992, 3.0150741099886686, 3.2781550456672353, 1.896464286427545, 2.8551916906578696, 1.845190783103866, 2.01405665195977]",2.6934611882691075,0.237675749440943,"[71.10620130184832, 7.318252448051472, 45.88863569356491, 38.02821327025609, 30.953255839023175, 49.610782358516765, 7.751166705104022, 28.317141066373768, 7.707019694829717, 8.61861482000958]",29.529928319757783,6.957288279073814,models/sound_localization/IHC3000_delayed_integration/arch??
0,"[-0.36450552008730863, -0.3395227159588836, -0.361841650355311, 0.47922779316362574, 0.3722130512652427, 1.0459061054746126, 0.09311260271400552, 0.6378378054090716, 0.6132584673555596, -0.7491830968894381]",0.14265028420911766,0.18228695299480613,"[0.7006942074432315, 0.7568099672713653, 0.7422131724589617, 1.9028197623001946, 1.5501968584167711, 3.448170284210685, 1.1517293274861438, 1.9955843213241862, 2.0822269604697117, 0.5219095857574486]",1.48523544471387,0.286472384637902,models/sound_localization/IHC3000/arch??
5,"[-0.2817020230006306, -0.27820356970591825, -0.319506722866055, 0.5038461826428081, 0.3817708109073504, 1.401383693535177, 0.2618185596069248, 0.5698943867650286, 0.5627840030777385, -0.7121748637163604]",0.2089910457246063,0.19444504665463708,"[0.7781662423080308, 0.8088142989921635, 0.7726303214547828, 1.9602177024532228, 1.5745036159950032, 17.00475382657382, 1.4960706803634922, 1.8774758931970927, 1.9504732350992955, 0.5366760435175029]",2.8759781859954403,1.5793207176512105,models/sound_localization/IHC3000/arch??
10,"[-0.10080159233937226, -0.19681104366687005, -0.2578370298689026, 0.4547436985125675, 0.4943397039772426, 1.3941409155866766, 0.8105345690805739, 0.47207247073892994, 0.41571213954548997, -0.6511245095992259]",0.283496932196711,0.18806208367032276,"[1.0126265083949002, 0.8816760171397641, 0.8304796274467742, 1.8293165685358426, 1.741962442371495, 17.129503688066404, 4.755552821118889, 1.691611878253198, 1.6345692743360065, 0.5745182408475646]",3.2081817066510836,1.5911128634742948,models/sound_localization/IHC3000/arch??
15,"[0.1360239674511836, -0.07318056320814782, -0.17225340213366688, 0.44512048865314696, 0.6330521032389839, 1.275659519115206, 1.3335460224575495, 0.44914114973890734, 0.3012813956034095, -0.560519543967623]",0.3767871136948949,0.1898848682487146,"[1.275948331642959, 1.0064923169507383, 0.912372166233761, 1.7108413930164634, 1.9527935484048022, 5.758382283016434, 15.095261462468919, 1.6179886177451304, 1.437235571938457, 0.6181385861666259]",3.1385454277584293,1.4055474002770472,models/sound_localization/IHC3000/arch??
20,"[0.31555220765975417, 0.02999230738590597, -0.06937842581990004, 0.4422931834745025, 0.7367322107589737, 1.1949565780187916, 1.6043356626664453, 0.5289632726707115, 0.31471449273883234, -0.456241271104018]",0.4641920218449999,0.19083905302606266,"[1.4745619914783104, 1.1415223913400483, 1.0181223134462483, 1.6409606935229188, 2.166706528873618, 4.888092473054431, 18.4334466753531, 1.7853879983025926, 1.4911175426310335, 0.6712340219471562]",3.471115262994945,1.7028144619770214,models/sound_localization/IHC3000/arch??
25,"[0.3576559720448027, 0.04945421784715657, 0.040921153358814, 0.4136589376143034, 0.8969070164708857, 1.1745697247375884, 1.4753196877280246, 0.7238567107588606, 0.3805095655161719, -0.34899625935990963]",0.5163856726716698,0.17599839057745117,"[1.4994967506993244, 1.182764227838621, 1.1328570952985135, 1.5622716417046523, 2.687090161997999, 5.107103140450429, 17.570415588224282, 2.2610046919081412, 1.6589467557319952, 0.7400458843258998]",3.5401995938179858,1.6071912089766933,models/sound_localization/IHC3000/arch??
30,"[0.35029541093397104, 0.10395089448487992, 0.15302119681647755, 0.43096169222471037, 1.0331415769026393, 0.9319185743234634, 1.49447601151311, 0.9445023999762295, 0.46407338375715074, -0.2364007028481765]",0.5669940438084455,0.16534409073018566,"[1.4641658771717792, 1.2311596346692895, 1.2469775794636022, 1.628089371006796, 3.3525720596238884, 2.8676796358169856, 17.456653157131203, 2.9981919825144736, 1.835781250745489, 0.8290625558648913]",3.4910333104008395,1.5749309901829205,models/sound_localization/IHC3000/arch??
35,"[0.2754160821369746, 0.11552448883524981, 0.23839054796393888, 0.4304048909428672, 1.1230837212749063, 0.6706721497931388, 1.4056114876568284, 0.9939454580547437, 0.5552405823913616, -0.17307107802984004]",0.563521833102017,0.15523261732015417,"[1.3484196576601597, 1.2073286976700845, 1.3679439584480573, 1.6761760403362251, 3.8139556260160687, 1.9867551433683464, 6.018136400182315, 3.1837125862948734, 1.9188625622812625, 0.8995591979886993]",2.342084987024609,0.49935268596716337,models/sound_localization/IHC3000/arch??
40,"[0.25734650253614233, 0.13314866694090813, 0.30684712237283845, 0.37403803793606477, 1.1636111668066604, 0.5761142727046875, 1.4439506775816717, 0.8804714598348368, 0.5969610870736678, -0.0859884388524046]",0.5646500554935073,0.1505396682022156,"[1.3163533449696132, 1.2168568194776703, 1.4652432430494466, 1.5950858326046256, 3.761556231473966, 1.8196725849517907, 17.251929348999177, 2.538890355392339, 1.9287193336753239, 0.9894662875558496]",3.3883773382149807,1.5610833106893125,models/sound_localization/IHC3000/arch??
45,"[0.36147845840029197, 0.21649190717209563, 0.3453186939573101, 0.305811096314647, 1.1401180108858122, 0.5842712816185761, 1.404248401612639, 0.8031565112371398, 0.6635209662936287, 0.013019288104400922]",0.5837434615596542,0.13668219824209465,"[1.4776672523254686, 1.3661372045756437, 1.5558000590149133, 1.4749925510377613, 3.4758544895250183, 1.8709112820037486, 17.460365603098634, 2.300894428227792, 2.0645549551141573, 1.0977216939064245]",3.414489951882956,1.5750353350732267,models/sound_localization/IHC3000/arch??
50,"[0.5317791146077353, 0.2757114838966804, 0.3930047736075988, 0.312456399681749, 1.1039459946865928, 0.6985758551904159, 1.3349435149552284, 0.782502137813807, 0.7215610236022134, 0.16197158650283003]",0.6316451884544851,0.11874833500347724,"[1.823578850193708, 1.4704173510161211, 1.6472592073502694, 1.5211763377586565, 3.2365340489408676, 2.1307995947275744, 17.03622671543209, 2.273251480209058, 2.264848450869612, 1.2676208232566097]",3.467171285975457,1.5182401863288695,models/sound_localization/IHC3000/arch??
55,"[0.7559201308245013, 0.31619416570017594, 0.4851843966802892, 0.40209465634256225, 1.103163571368705, 0.9115099023469407, 1.2972016063213287, 0.8889790267985416, 0.7878518966897322, 0.3277903620678901]",0.7275889715140667,0.10664655585129253,"[2.55833019896535, 1.5096878976042432, 1.7709783588220773, 1.7932527979342934, 3.1553992923107934, 2.7655407502089986, 16.755952082585466, 2.576358676452987, 2.533474982039982, 1.4630469115870943]",3.6882021948511285,1.463296479822653,models/sound_localization/IHC3000/arch??
60,"[1.2763107229345458, 0.45612885725239244, 0.7555558526974887, 0.670926243240841, 1.3589771153614978, 1.3260068952662853, 1.31482421195256, 1.119363684784933, 0.9794043494192209, 0.5402052535545584]",0.9797703186464324,0.11037491373881891,"[9.585629964739388, 1.6826732192608844, 2.310641094557132, 2.6336567901009733, 4.165890831596374, 4.596181292796268, 16.71974896280659, 3.240023519171444, 3.0680535523617833, 1.861634821737124]",4.986413404912796,1.4897935665477564,models/sound_localization/IHC3000/arch??
65,"[1.7293715513582637, 0.6471768091769167, 1.2536678767764147, 0.9720514216142871, 1.9724962089636573, 2.1183559038908792, 1.4382481498983621, 1.4721540792590908, 1.265411297501952, 0.7847828916217588]",1.3653716190061584,0.15329175737609113,"[18.03583103682621, 1.98729061150102, 4.30381957805533, 3.375509062237262, 10.553699241546468, 17.42284519275674, 16.97788686534256, 4.666547836959577, 4.014080818771941, 2.463296592288092]",8.38008068362852,2.1188099785072305,models/sound_localization/IHC3000/arch??
70,"[2.3599699407660792, 0.98554674006499, 2.045563869663935, 1.3514685841463858, 2.794383855141577, 2.8958668531195433, 1.659828236309808, 1.9735289822657014, 1.7359825298813816, 1.085443526001978]",1.888758311736138,0.20853390735261015,"[25.093330907157736, 2.7576811083892925, 19.89099034419767, 4.459784511716453, 35.11233738180213, 37.63513365272325, 17.62964025109807, 8.481336946566831, 6.342497310183735, 3.3704158928570283]",16.07731483066922,4.152140683374086,models/sound_localization/IHC3000/arch??
75,"[3.0268182048055032, 1.4744238958805156, 2.715686263822375, 1.8911809953243701, 3.3136016982571683, 3.381678133787427, 2.0695410721289558, 2.698143068951575, 2.45063240784497, 1.5027425231733254]",2.4524448263976186,0.22072429306346322,"[36.646680064194065, 4.491792787948725, 29.95136700141464, 7.3532994082489544, 42.0653628184007, 52.12944414577635, 19.394909353772476, 24.699245435972017, 13.066496954030603, 5.141850910572599]",23.494044888033113,5.233407866755753,models/sound_localization/IHC3000/arch??
0,"[-0.24678715501385726, -0.2945032353881535, -0.08559733677778862, 0.1923232813061747, -0.2568256496305899, -0.29593272234399476, -0.20641103036863628, 0.4491599102549712, -0.03627294862350702, 0.15867388574260768]",-0.06221730008427737,0.08011243054820434,"[0.7881341729535141, 0.7608083343563741, 0.9346693173925983, 1.6809398815622665, 0.8666631096426204, 0.7869360217755327, 0.8544045372643767, 1.710224203880134, 0.9677408346381234, 1.6334666367052477]",1.0983987050170787,0.12755547933467798,models/sound_localization/IHC1000/arch??
5,"[-0.2887589872576593, -0.29287565208276023, -0.12317654804646914, 0.18850090017872112, -0.20201456808880236, -0.22999540860536458, -0.29681827619053897, 0.4667229396500434, -0.06770629355423484, 0.17077492180021303]",-0.06753469721968519,0.08216791612673634,"[0.7510410412787912, 0.7706896224487371, 0.922572384088415, 2.038317352209369, 0.9236709266870319, 0.8724632849685804, 0.7759184283429974, 1.8221818263171017, 0.9412712226031582, 1.6330835633850544]",1.1451209652329237,0.1542217718238104,models/sound_localization/IHC1000/arch??
10,"[-0.3133396702371906, -0.3178598881476166, -0.13603767395895114, 0.24680682743115936, -0.013593187991917157, -0.12313390429868114, -0.4005967232552288, 0.41391790998544137, -0.06023816364547029, 0.08945806924421473]",-0.061461640487424044,0.08162550461138922,"[0.7364727770837046, 0.7681137413647896, 0.9679705957148271, 1.951067283184387, 1.1394698694619458, 1.0170905561084784, 0.7054466578793046, 1.7714987266658042, 0.9715895765952167, 1.6291914124792835]",1.165791119653774,0.14346159433322825,models/sound_localization/IHC1000/arch??
15,"[-0.30906842873757034, -0.30795171943653293, 0.006332908885777255, 0.24604356968391639, 0.2468278621380295, -0.06068620664643202, -0.46502242358224116, 0.36990718604344347, -0.02567892960991917, 0.016150421323917436]",-0.028314575993761155,0.08573357830365581,"[0.7750695385195593, 0.794523400247218, 1.508138580018178, 1.484174826310266, 1.5009106831846024, 1.071070795898512, 0.6684786991761188, 1.6712720558834968, 1.061352630578983, 1.5985149708041575]",1.2133506180621092,0.1205874046413447,models/sound_localization/IHC1000/arch??
20,"[-0.24163693004877354, -0.1802183647740548, 0.18578453562689748, 0.20224213449920567, 0.45091873927216874, 0.07144332004296715, -0.45327061658024975, 0.3505183797837641, -0.0067975421809283705, -0.009905242043070195]",0.03690784135979265,0.08753136049428246,"[0.8943035539153116, 0.934034592961985, 2.201287193372239, 1.3174892626964043, 1.8584158124071573, 1.1708551024628537, 0.7028881530492161, 1.6049569500344394, 1.1181859577720044, 1.4613132379105418]",1.3263729816582153,0.14686787913976926,models/sound_localization/IHC1000/arch??
25,"[-0.12391786162171686, -0.02049684798506977, 0.23752965262564274, 0.2550577147133897, 0.5170615825939902, 0.22497542822277825, -0.3101709526057035, 0.3411463420439221, 0.022955447016300968, -0.03535018599414446]",0.11087903190093892,0.0779343735310567,"[1.0221648888459478, 1.1643778115334538, 1.570763919224996, 1.385000627368891, 1.9730169617317992, 1.3169177712836564, 0.8179393836272947, 1.5661389272255615, 1.1666612691716463, 1.1746650554697498]",1.3157646615482996,0.10347179764607527,models/sound_localization/IHC1000/arch??
30,"[0.05482714528987087, 0.11563187004583082, 0.2518809978960809, 0.2618933022965934, 0.5266704170504585, 0.5041607304791859, -0.1657790652597206, 0.43753457210550034, 0.06262738350912535, -0.018801597854217]",0.20306457555587082,0.07384754005753445,"[1.2272431270713289, 1.3539715871248648, 1.3635239604642149, 1.4557239561330773, 1.9786592507316596, 2.0395924629177, 0.9478387949639241, 1.6985876408991822, 1.2568051282182955, 1.085277391193716]",1.4407223299717962,0.11435328322615927,models/sound_localization/IHC1000/arch??
35,"[0.2744659989867975, 0.1041863467733473, 0.2815737678859701, 0.20414532666318833, 0.4718706590024227, 0.7194958013992253, -0.08668945758618747, 0.49322553316729345, 0.030994362833481476, 0.024395808428709972]",0.2517664147554249,0.07929975664144381,"[1.528121106181614, 1.2540774774234347, 1.3994752298257014, 1.3384987067753282, 1.82623653378786, 3.002245554507096, 1.02053003403984, 1.7285291947739034, 1.1927612550058913, 1.1060228377666557]",1.5396497930087325,0.18186191935158671,models/sound_localization/IHC1000/arch??
40,"[0.39839921725404803, 0.026160010609236516, 0.30758841350403815, 0.18341667061267097, 0.4337226990122171, 0.6178256584471703, -0.026761689149795004, 0.6278201818675023, 0.049693108607938054, 0.09818709927151108]",0.27160513700365374,0.07650515518748001,"[1.7346217133855821, 1.106897073635712, 1.4394350379355767, 1.273590270081283, 1.7126369108351582, 2.112559312028129, 1.0779240034516908, 1.9872857381429967, 1.1555805986789591, 1.165738605746333]",1.476626926392142,0.12135521971091304,models/sound_localization/IHC1000/arch??
45,"[0.4219757007435509, -0.0373051907780902, 0.27758759010362516, 0.1816182665483789, 0.449842535581414, 0.5111958394660315, -0.045783912470440696, 0.7501484764854652, 0.1040963594692793, 0.16663320328592693]",0.2780008868435141,0.08053649113256547,"[1.7765470822327674, 1.0173058528447092, 1.3735001122659913, 1.2545114828447408, 1.7006062555580819, 1.9066187371777297, 1.0333122751377368, 2.433090312739792, 1.187870790896539, 1.2324442998952636]",1.4915807201593352,0.1432975632344564,models/sound_localization/IHC1000/arch??
50,"[0.3086902135672041, -0.07166739334634249, 0.22189915804907678, 0.19803531686406653, 0.40844386855871956, 0.5605785198933552, -0.011190428423261992, 0.89120168197703, 0.2172312914596842, 0.28306248270163736]",0.3006284711301169,0.08742377296998849,"[1.5288519061503187, 0.9704961476054214, 1.3085719814673025, 1.259669321963726, 1.6102891248711184, 2.2146358954246774, 1.0634348545357295, 3.1574501307705565, 1.3245201902155397, 1.380549571237361]",1.5818469124241752,0.20586621592765966,models/sound_localization/IHC1000/arch??
55,"[0.23751252392392028, -0.0012536968074989736, 0.2655871240820909, 0.2304695004341282, 0.3458967896278013, 0.6904466404363051, 0.12810200035051997, 1.1807786078188502, 0.374811025846512, 0.3974352729558992]",0.3849785788668528,0.10558982047149366,"[1.4022284603095214, 1.0361704322463112, 1.3910393190852455, 1.2828683096434415, 1.505473199485772, 2.695028503940329, 1.233437497989122, 4.20797212356617, 1.5579267192103698, 1.5667916551029741]",1.7878936220579256,0.3035895743204104,models/sound_localization/IHC1000/arch??
60,"[0.42161523394208894, 0.27641566062448136, 0.5563420399123578, 0.36320374856790966, 0.4329896008012431, 0.9824021853644637, 0.4007070052240374, 1.619617913192046, 0.5930948248438703, 0.5981374959648149]",0.6244525708437314,0.12658069851369705,"[1.7150579776927264, 1.3719217162796902, 1.9607249144023127, 1.4771699783485992, 1.6606495069382123, 3.3744033851134088, 1.7168030637931058, 6.300429896106544, 1.9818413047023522, 2.0026231726194808]",2.356162491599643,0.4721161425330701,models/sound_localization/IHC1000/arch??
65,"[0.809248397690277, 0.7911608922511594, 1.10625401285382, 0.6055377509503006, 0.7379712854903794, 1.7044248034634117, 0.8110575183575345, 2.571520915283989, 0.929549829729145, 0.776417800351655]",1.0843143206421673,0.19151455144091964,"[3.1665597196088853, 2.4607394203040753, 4.386619099105796, 1.9402991560229186, 2.2925321198781825, 6.652371153294369, 2.8038115321704034, 24.33972374966734, 2.8587122619101724, 2.4114782781322344]",5.331284649009437,2.1567575634697604,models/sound_localization/IHC1000/arch??
70,"[1.5970847746089005, 1.8449670039713244, 2.0399983503144927, 1.0909262209580128, 1.442716051304373, 2.892690697766516, 1.345692024604089, 3.4865268180745574, 1.3919728873537665, 1.0957039547095195]",1.8228278783665552,0.250183990112018,"[17.45083557804175, 18.474743577213232, 19.35097679603784, 3.6308547769738695, 5.081266795473622, 38.350268162934775, 5.289258104505532, 49.55345961073934, 4.610611708219199, 3.421529707907785]",16.521380481804695,5.073876064611566,models/sound_localization/IHC1000/arch??
75,"[2.2772894055855057, 2.6819345922430897, 3.2581656193983144, 2.24336431927502, 2.9944353972667237, 3.5891489795030567, 2.0889639385214838, 3.947410058212879, 2.0744339361689326, 1.5943070485281439]",2.6749453294703147,0.23835927783840305,"[21.268374629789697, 26.023792913275642, 43.65440695444841, 32.23513576832592, 38.84241256633414, 56.692584551683886, 14.843593858630262, 66.11833538684981, 9.212770780914349, 5.933891891232832]",31.482529930148495,6.32256171889892,models/sound_localization/IHC1000/arch??
0,"[0.039935766287489176, -0.1460959344193116, 0.09116263519468426, 0.0888763560479563, 0.4107699241768344, -0.0256854948752058, 0.3415526688168495, 0.26979233009231574, 0.05625091869833935, 0.22634167830472973]",0.13529008483246813,0.05470597906211875,"[1.0822511205073326, 0.882027835927046, 1.1245738918164034, 1.10955768629044, 1.592700027034068, 0.9843764544729258, 1.4235140271353643, 1.348729618785592, 1.0910426147873105, 1.269439770924859]",1.1908213047681342,0.06810750971950866,models/sound_localization/IHC0320/arch??
5,"[0.11596645253603473, -0.10522844197628885, 0.1506681508963104, 0.13308993359048954, 0.43507445888208585, 0.05661822594405854, 0.37137342892353215, 0.3077953115718206, 0.10733320760778303, 0.2257481935610801]",0.17984389215369062,0.050456918912229295,"[1.1778981418862235, 0.9176846112404927, 1.1844506461330466, 1.1549209233652968, 1.628195859580351, 1.0674474608645224, 1.473862382414864, 1.401215347488616, 1.143488630183805, 1.2742751164102877]",1.2423439119567505,0.06579891301167452,models/sound_localization/IHC0320/arch??
10,"[0.2824217162705054, -0.010411426414078676, 0.305468962477971, 0.20373379331056585, 0.5399622930559677, 0.25273633998136474, 0.3959810659902663, 0.4577998865209716, 0.23862925576683228, 0.285877574290492]",0.29521994612508584,0.04756604632568314,"[1.426836720338519, 1.0115055623057592, 1.362645322920003, 1.2321982924096133, 1.8059923848247041, 1.30087103084246, 1.5263694942147172, 1.6240216976449915, 1.2940733166297533, 1.355280910332894]",1.3939794732463415,0.06951179385144872,models/sound_localization/IHC0320/arch??
15,"[0.5081259571534104, 0.15976026159822312, 0.5258185401518605, 0.33697157827860075, 0.7605156181867453, 0.5356975254325858, 0.4534006781547624, 0.6190874445056088, 0.4172874444116497, 0.3912276195042177]",0.47078926673776644,0.05150082191166775,"[1.8658056277733905, 1.211074420148586, 1.7055036738581044, 1.4057386872711122, 2.3838379477955107, 1.7924010473046543, 1.633985327439546, 1.8809107818744675, 1.5427558930139924, 1.5052350216433332]",1.6927248428122699,0.1015736463340839,models/sound_localization/IHC0320/arch??
20,"[0.7965414775140921, 0.37297283454328906, 0.8214577059404572, 0.5230879214668109, 1.084326731919729, 0.856335037625096, 0.5615767159493685, 0.809002301556716, 0.6355536451126363, 0.5754880108803647]",0.7036342382508559,0.06540740368184847,"[2.693869779498987, 1.5411645373322147, 2.4247835299192917, 1.7108086413578771, 3.9034094984580086, 2.7160353346998263, 1.822750472755702, 2.3567987631110476, 1.943596638694192, 1.8014920177273526]",2.29147092135545,0.22219832962085587,models/sound_localization/IHC0320/arch??
25,"[1.0411597038299572, 0.6629915206870208, 1.1561629943827745, 0.7114068715664222, 1.5246787353895135, 1.1640031413998904, 0.7436543736933815, 1.0480003576890897, 0.8877245779916906, 0.8058844082362465]",0.9745666684865986,0.08412700194084244,"[3.7388029723296676, 2.1464268073044326, 3.8880773785833624, 2.11257438843864, 8.933839522101271, 4.463662399942428, 2.2050790272158234, 3.2687249795917785, 2.6599200830130374, 2.328971252359621]",3.5746078810880064,0.6512525196907232,models/sound_localization/IHC0320/arch??
30,"[1.320968442395128, 1.066260719973886, 1.5702550256594225, 0.9623973350559148, 1.9276638899542051, 1.5127143475126328, 1.0320801129849515, 1.3401909805608565, 1.265283286007864, 1.1322775426246456]",1.3130091682729508,0.09323426208504135,"[5.287108287164995, 3.5265507965439773, 8.330129585749068, 2.8184852596856427, 19.81484350031941, 8.988976707298555, 3.098874909310979, 4.98173622768785, 4.738795684103111, 3.4680800336205806]",6.505358099148417,1.6222835861192872,models/sound_localization/IHC0320/arch??
35,"[1.6481748206305529, 1.4866974043218324, 2.002510941892775, 1.2454776538731542, 2.094222842042768, 1.9021037329996593, 1.4862284823730807, 1.7275411319096368, 1.9120589822905123, 1.5024126769771435]",1.7007428669311113,0.08647452207223515,"[8.246318047117812, 6.809717067538806, 20.98885985263029, 3.979580761755511, 21.932609033947937, 20.484015598219493, 6.445228726376585, 8.420697014761819, 21.376452183249594, 5.60673630429712]",12.429021458989498,2.420764594753642,models/sound_localization/IHC0320/arch??
40,"[2.0730377340983988, 1.9946913555245136, 2.2593800340393373, 1.5583459307474676, 2.2863942289708024, 2.1822081230246257, 1.9865021468080366, 2.221949298073087, 2.264618653897396, 1.9112391823138786]",2.0738366687497543,0.071160782498352,"[14.977311078269416, 19.949527909851145, 26.246274923120676, 6.289187274160504, 25.191629267919357, 24.751219571337487, 19.8992847760416, 20.46338882700804, 32.78087621570835, 10.08059524027309]",20.062929508368967,2.5026431549349195,models/sound_localization/IHC0320/arch??
45,"[2.66359414694931, 2.2099657610371373, 2.503099259863976, 1.8979823780991418, 2.6314354784003124, 2.4822739854905285, 2.264217439925517, 2.5000380692983764, 2.3958760170236624, 2.4489015858898777]",2.3997384121977836,0.07144769903022129,"[35.59004496450992, 22.43817724683787, 34.56178498501729, 10.204185648929341, 35.85633198950755, 31.328555532641484, 23.939241202291782, 26.450215266657352, 33.78324670084006, 24.060726264076333]",27.821250980130895,2.5574028109101965,models/sound_localization/IHC0320/arch??
50,"[2.9641503745103104, 2.439745257111055, 2.6644436926443684, 2.266736649679963, 2.884213247506351, 2.7194948790198104, 2.4990306289104303, 2.7359352011221496, 2.4884329255683935, 2.7681442614515768]",2.643032711752441,0.06826707999416082,"[45.542717187724215, 28.410824323473815, 36.57803482040503, 19.672361368492414, 45.59378566695276, 37.149230614041876, 29.71573403789593, 36.56799890130275, 34.727473121386616, 35.114832108009175]",34.90729921496846,2.4477289223743326,models/sound_localization/IHC0320/arch??
55,"[3.1589889202003647, 2.615021310913376, 2.7853205424285012, 2.632781981707708, 3.0513752407732575, 2.965771968620366, 2.67356720751139, 2.794626765872699, 2.624759846914608, 2.8982850211733733]",2.820049880611564,0.060946294371868985,"[43.725813891992836, 35.48995542600023, 38.43892972721604, 35.11259179220014, 46.500988305373504, 39.7133494690253, 35.46333958660437, 38.177359337941816, 36.19585219944473, 34.15269135359673]",38.29708710893957,1.2756595266580724,models/sound_localization/IHC0320/arch??
60,"[3.4607704934204357, 2.8212539341410916, 3.020167000527312, 2.833428247040042, 3.361159934119948, 3.313556364385983, 2.8538536526570386, 2.981707637447362, 2.8209402994405757, 3.1006531559402144]",3.0567490719120003,0.07694505832285789,"[50.47923911501342, 37.78905475746547, 42.346215200488516, 37.26511488483339, 52.87079286930243, 45.51247125426599, 37.740926965130534, 42.416667042759414, 37.75223713412668, 38.74060498449115]",42.2913324207877,1.791373972129478,models/sound_localization/IHC0320/arch??
65,"[3.8364038480648746, 3.0386150012139708, 3.2565918394836193, 2.9615253946783042, 3.9933606761704095, 3.7278590557430302, 2.8309918829902565, 3.2720196650561193, 3.109219342182889, 3.244228252290574]",3.3270814957874046,0.12424161574933712,"[56.37279498672685, 40.48654091400088, 48.22487667518732, 38.73447942815982, 71.5391571408887, 60.647920418739, 30.55974752942195, 49.645249748963465, 35.97936782318126, 40.4317155112363]",47.26218501765056,3.9856939806437595,models/sound_localization/IHC0320/arch??
70,"[4.324396325158793, 3.2337631987601214, 3.524489515285404, 3.055777661496197, 4.059745772283677, 3.8351725504364667, 2.9897372179102946, 3.492147727241401, 3.4322381480428716, 3.3804420512970608]",3.5327910167912284,0.13509928672564786,"[79.54402761993799, 41.578850112743936, 49.7827400150494, 38.819149556198596, 68.61499192943461, 61.218502275820164, 31.41184092676917, 48.984427307168005, 45.250989166483585, 41.938494250315166]",50.71440131599206,4.67877595803861,models/sound_localization/IHC0320/arch??
75,"[4.3508294410355965, 3.552950419414867, 3.934126148281576, 3.260842710408417, 4.202493814747454, 3.9700426766377936, 3.2850208214017393, 3.943105727594902, 3.6427892977951917, 3.597446539284403]",3.773964759660194,0.1158874134350452,"[81.13597399120322, 43.69532191644864, 65.64139640800933, 41.2081302465273, 71.94718566656263, 61.554041775274094, 38.27933393131729, 63.51533871208824, 45.81910832573099, 45.59352354669907]",55.83893545198608,4.669435546302825,models/sound_localization/IHC0320/arch??
0,"[0.392547224823171, 0.4336453039770869, 0.15474710664157762, 0.17924081294979835, 0.41263853796388816, 0.06462077424555725, 0.25643596075332714, 0.49883549429450963, 0.26012175026951573, 0.4433888892463899]",0.30962218551648213,0.04629089467242181,"[1.5793446559331725, 1.7497645602913228, 1.2852503266410114, 1.2452705245090567, 1.8047660792037037, 1.1755950190106315, 1.4055908799700763, 1.69819455821941, 1.4409767421930397, 1.6487728979861738]",1.50335262439576,0.0708286097801382,models/sound_localization/IHC0050/arch??
5,"[0.4369745814710407, 0.5240043135356591, 0.1963082181518305, 0.2440790548720884, 0.46547090978912636, 0.10504040430428684, 0.30020913838297036, 0.5104953325585898, 0.3142912792479215, 0.4795834499541705]",0.3576456682267684,0.0461569215218362,"[1.6837271952456943, 1.9025682785346314, 1.3494141690407462, 1.347821765489132, 1.8920437083826658, 1.2374304740237592, 1.4883283289364584, 1.7557797186346555, 1.5362053966408995, 1.72394713111683]",1.5917266166045472,0.07432489882401357,models/sound_localization/IHC0050/arch??
10,"[0.4692973462032933, 0.5747827583188644, 0.27777182396402056, 0.30094578031390695, 0.53787238315017, 0.17396931852981398, 0.35041504695759507, 0.5285185750038502, 0.42518671580229167, 0.5019002764870472]",0.41406600247308534,0.04192804255003885,"[1.72004270257573, 1.9529998066956165, 1.428958757771085, 1.4278438443822632, 1.9665543042947518, 1.283571857390917, 1.5206586923977572, 1.8018773202069163, 1.6717798877332208, 1.7477730994426055]",1.6522060272890862,0.07296763618328786,models/sound_localization/IHC0050/arch??
15,"[0.5627824812225694, 0.6592785492989774, 0.40572934449463977, 0.408274775763899, 0.6520799687390166, 0.30682300533043483, 0.4462187914279178, 0.5722178885361989, 0.6059072528955549, 0.5784632510504809]",0.519777530875969,0.03780455589137127,"[1.8434357235969847, 2.045677813378503, 1.5514527445638668, 1.555941870011609, 2.0543905606662567, 1.4117222221097203, 1.6289610557338283, 1.8552951525329175, 1.914008299736105, 1.8500250563668283]",1.771091049869662,0.06980238361695508,models/sound_localization/IHC0050/arch??
20,"[0.7907920684853874, 0.8249881763510643, 0.6511079243179242, 0.6419992063856097, 0.8752280408270795, 0.5591561336051244, 0.653565462554091, 0.7027607180012597, 0.8662256265392131, 0.7769504756606568]",0.734277383272741,0.034014435572621966,"[2.259834999501182, 2.3412757881601074, 1.9322301625368523, 1.9327676332513224, 2.458663656962407, 1.7727713181168971, 1.9533076604224329, 2.087195554057725, 2.413965006631681, 2.2214028367309733]",2.137341461637158,0.07428505665874709,models/sound_localization/IHC0050/arch??
25,"[1.072416871814971, 1.0101910663372629, 0.9357514104638422, 0.9736348226886661, 1.1500085640403477, 0.9474708988795529, 0.9448544815221055, 0.9410107918323801, 1.2323622515592723, 1.0168815324266693]",1.022458269156507,0.03183065593953835,"[3.0106964311738373, 2.811836643950176, 2.639134663923433, 2.7941442837396226, 3.167883891060079, 2.656313272261453, 2.6228157457290173, 2.633762480957764, 3.688809424211214, 2.876440382439809]",2.8901837219446405,0.10540677457346284,models/sound_localization/IHC0050/arch??
30,"[1.4849217220726973, 1.355894516469845, 1.3865252080663641, 1.7186236616196358, 1.5621835965789206, 1.4948574945857354, 1.4065798541862737, 1.2635319826183073, 1.8800886640088592, 1.5458599931480885]",1.5099066693354728,0.05732881582135948,"[5.323086551511211, 4.349803423125517, 5.283018974823727, 17.766792500110544, 5.045566378191519, 5.880012676532459, 4.909985190793171, 3.7995464033145208, 11.209662814023973, 7.310308880691736]",7.087778379311838,1.358647918072892,models/sound_localization/IHC0050/arch??
35,"[2.0744191988156273, 1.906539100937926, 1.9350946387846377, 2.093873147248594, 1.9973328320765997, 2.3062122536168395, 2.053979173575119, 1.6780612998614013, 2.4492955849802533, 2.0309689956457238]",2.052577622554272,0.06690049857070325,"[19.782593208816422, 11.930241136364387, 18.776927984457217, 20.51611979554097, 10.359566581286474, 26.92396421544333, 19.48498419051799, 6.474156390728729, 32.88642017498265, 19.35326483433359]",18.648823851247176,2.4477763234404883,models/sound_localization/IHC0050/arch??
40,"[2.407907882795915, 2.367159700157101, 2.273433391164137, 2.55558134537401, 2.4930451180118705, 2.59284546054118, 2.5209997744155777, 2.1355210422984094, 2.6431596081866444, 2.3425743770962306]",2.4332227700041074,0.04979840294954983,"[23.576673090446914, 25.890457496605425, 21.563803757332604, 33.42008209162191, 23.268941863925324, 33.70342073040236, 28.1106215737688, 12.844775670358587, 34.063695217665185, 22.406513534095453]",25.884898502622253,2.1153981246002114,models/sound_localization/IHC0050/arch??
45,"[2.8235227191189214, 2.6364274202295417, 2.7833535002284555, 2.7346854611048212, 2.823008069985907, 2.84170007301935, 2.7622353789857805, 2.5846941434378343, 2.861965303879496, 2.740694116591816]",2.7592286186581925,0.02840916895893683,"[33.422430830271026, 33.746697251113034, 33.044991191438726, 34.60201068123047, 31.993135601360468, 35.7868793775715, 34.77661930179233, 24.867725877439174, 35.89296665379191, 34.5298489467408]",33.26633057127494,1.0076130886597567,models/sound_localization/IHC0050/arch??
50,"[3.0999285033989956, 2.8111927642697427, 3.1495518901454673, 2.943176222074783, 3.0304515881054583, 3.1603100956905545, 2.9656914872041233, 2.9968940600328433, 3.0371262998757125, 2.8957331341857793]",3.0090056044983458,0.035036626371812644,"[38.81824161875864, 34.89060450260269, 48.42913664128821, 36.46094560379702, 38.04717794985109, 40.720700159060094, 36.758885956054165, 37.611379895958656, 37.95470255705221, 35.7922364582193]",38.54840113426421,1.2130681837893207,models/sound_localization/IHC0050/arch??
55,"[3.331247112487438, 2.9611439899618843, 3.2584029609096703, 3.095504309708977, 3.1513747745384797, 3.3269007215197894, 3.0867463434427607, 3.0651286850170165, 3.2322831824107907, 3.0703192334422766]",3.1579051313439086,0.039190793506768414,"[44.38492956126796, 36.56954350424269, 49.74981115948103, 38.89028057662126, 40.178182517112155, 44.14625654815614, 38.4792125686434, 38.40981466886026, 41.95886010143852, 38.324262419758014]",41.10911536255814,1.263568449986978,models/sound_localization/IHC0050/arch??
60,"[3.4974668512187357, 3.215942397810221, 3.357255244268641, 3.1944415138902453, 3.3851397002614783, 3.576477102277091, 3.2638635500803352, 3.246300228191012, 3.3152592701101686, 3.1658545667291995]",3.321800042483713,0.04240451810574703,"[49.2784015095962, 40.70525990292947, 48.88493019880559, 35.316346731080195, 47.20282458584938, 52.8865832999457, 42.10435357111185, 41.547637230367876, 42.93291549560968, 38.818788442627465]",43.967804096792335,1.7152760559731501,models/sound_localization/IHC0050/arch??
65,"[3.8507688831263707, 3.303614223143697, 3.4033596185560557, 3.3111343087160705, 3.6599615338803027, 3.675854761436398, 3.1086946218666185, 3.4746211483171634, 3.5894427920073873, 3.236169938339079]",3.4613621829389145,0.07299694630649704,"[63.22569030567059, 36.42066568471026, 43.63584596628224, 34.580032360928804, 55.322491179317815, 50.93092464317968, 25.436017942854974, 45.67271154483759, 47.897876934136086, 30.889128437465683]",43.40113849993837,3.686461474518299,models/sound_localization/IHC0050/arch??
70,"[4.179119108926276, 3.6518232084685067, 3.890270427950991, 3.499883457048694, 3.9045714246357996, 4.210088146107107, 3.5181830108501893, 3.8161514812690593, 3.784725233127933, 3.5290218271405664]",3.7983837325525123,0.08139969092422265,"[72.29430760485052, 43.58909539812431, 54.70247000024733, 37.17017461696269, 58.98073422730059, 70.33441277244803, 34.6165025976703, 52.92533758470005, 47.75516574071454, 38.64434269008305]",51.10125432331014,4.197972577031798,models/sound_localization/IHC0050/arch??
75,"[4.499809670330265, 4.242728327418527, 4.208501702769884, 4.068224287126879, 4.317607351369755, 4.411909874439348, 4.124437107472674, 4.205134577669832, 4.200157322000078, 3.9096226542764434]",4.218813287487369,0.053166582469696445,"[90.0, 73.8842918793095, 72.58695763197227, 65.55004387416962, 80.027064861933, 83.85207084786659, 66.81629468063588, 73.0612722726945, 70.01354656312138, 58.845924806949284]",73.46374674186521,2.902010048084931,models/sound_localization/IHC0050/arch??
